     lat_deg     lon_deg    depth_km   length_km    width_km  slp_strk_m  slp_ddip_m    slp_am_m  strike_deg     dip_deg    rake_deg sig_stk_MPa sig_ddi_MPa sig_nrm_MPa
     32.6123    105.4589      1.3636      4.9914      5.1278     -0.2604      0.0000      0.2604    239.4780     32.1310    180.0000     -0.2857      0.0402     -0.1060
     32.6396    105.4227      4.0909      4.9903      5.1276     -0.1971     -0.0061      0.1972    239.4900     32.1327    178.2392      0.2174     -0.0071      0.1032
     32.6669    105.3864      6.8182      4.9891      5.1273     -0.2132     -0.0122      0.2135    239.5019     32.1345    176.7208      0.3824     -0.0576      0.1660
     32.6942    105.3501      9.5455      4.9880      5.1271     -0.3128     -0.0035      0.3128    239.5139     32.1362    179.3538      0.0424     -0.0416      0.1547
     32.7215    105.3137     12.2727      4.9869      5.1269     -0.3503      0.0000      0.3503    239.5258     32.1379    180.0000     -0.1682     -0.0903      0.1090
     32.7488    105.2774     15.0000      4.9857      5.1266     -0.2929      0.0000      0.2929    239.5378     32.1396    180.0000     -0.1091     -0.1324      0.0659
     32.7760    105.2410     17.7273      4.9846      5.1264     -0.1957      0.0000      0.1957    239.5498     32.1413    180.0000      0.0387     -0.1376      0.0328
     32.8033    105.2046     20.4545      4.9835      5.1261     -0.1076      0.0000      0.1076    239.5618     32.1431    180.0000      0.1413     -0.1203      0.0141
     32.8305    105.1682     23.1818      4.9824      5.1259     -0.0485      0.0000      0.0485    239.5738     32.1448    180.0000      0.1720     -0.0945      0.0039
     32.8578    105.1318     25.9091      4.9812      5.1256     -0.0164      0.0000      0.0164    239.5858     32.1465    180.0000      0.1555     -0.0692     -0.0007
     32.8850    105.0953     28.6364      4.9801      5.1254     -0.0041      0.0000      0.0041    239.5978     32.1482    180.0000      0.1146     -0.0494     -0.0026
     32.5894    105.4130      1.3636      4.9923      5.1281     -0.3088      0.0000      0.3088    239.4844     32.1293    180.0000      0.2906      0.1007     -0.1780
     32.6168    105.3768      4.0909      4.9912      5.1278     -0.2920     -0.0032      0.2920    239.4963     32.1310    179.3698      0.7030     -0.0286      0.1031
     32.6441    105.3405      6.8182      4.9901      5.1276     -0.4411     -0.0118      0.4413    239.5083     32.1327    178.4697      0.2894     -0.1109      0.2127
     32.6714    105.3042      9.5455      4.9889      5.1273     -0.6188      0.0000      0.6188    239.5202     32.1345    180.0000     -0.4305     -0.0865      0.1767
     32.6987    105.2678     12.2727      4.9878      5.1271     -0.6321      0.0000      0.6321    239.5322     32.1362    180.0000     -0.6591     -0.1350      0.1117
     32.7259    105.2315     15.0000      4.9867      5.1268     -0.5036      0.0000      0.5036    239.5442     32.1379    180.0000     -0.4806     -0.1411      0.0601
     32.7532    105.1951     17.7273      4.9856      5.1266     -0.3274      0.0000      0.3274    239.5561     32.1396    180.0000     -0.1805     -0.1255      0.0279
     32.7805    105.1587     20.4545      4.9844      5.1264     -0.1788      0.0000      0.1788    239.5681     32.1414    180.0000      0.0346     -0.1028      0.0106
     32.8077    105.1223     23.1818      4.9833      5.1261     -0.0799      0.0000      0.0799    239.5801     32.1431    180.0000      0.1403     -0.0791      0.0019
     32.8349    105.0859     25.9091      4.9822      5.1259     -0.0268      0.0000      0.0268    239.5921     32.1448    180.0000      0.1589     -0.0584     -0.0017
     32.8622    105.0494     28.6364      4.9811      5.1256     -0.0062      0.0000      0.0062    239.6041     32.1465    180.0000      0.1253     -0.0425     -0.0028
     32.5666    105.3671      1.3636      4.9933      5.1283     -0.4222      0.0000      0.4222    239.4907     32.1276    180.0000      0.8735      0.0285     -0.2346
     32.5940    105.3309      4.0909      4.9921      5.1281     -0.4495      0.0000      0.4495    239.5027     32.1293    180.0000      1.2912     -0.1126      0.2227
     32.6213    105.2946      6.8182      4.9910      5.1278     -0.7380      0.0000      0.7380    239.5146     32.1310    180.0000      0.0720     -0.1635      0.2528
     32.6486    105.2583      9.5455      4.9899      5.1276     -0.8964      0.0000      0.8964    239.5266     32.1328    180.0000     -0.7623     -0.2058      0.1661
     32.6759    105.2219     12.2727      4.9888      5.1273     -0.8138      0.0000      0.8138    239.5385     32.1345    180.0000     -0.7938     -0.1899      0.0944
     32.7031    105.1856     15.0000      4.9876      5.1271     -0.6067      0.0000      0.6067    239.5505     32.1362    180.0000     -0.5047     -0.1488      0.0429
     32.7304    105.1492     17.7273      4.9865      5.1268     -0.3825      0.0000      0.3825    239.5625     32.1379    180.0000     -0.1766     -0.1111      0.0168
     32.7577    105.1128     20.4545      4.9854      5.1266     -0.2054      0.0000      0.2054    239.5745     32.1396    180.0000      0.0463     -0.0820      0.0051
     32.7849    105.0764     23.1818      4.9843      5.1264     -0.0906      0.0000      0.0906    239.5864     32.1414    180.0000      0.1553     -0.0599     -0.0008
     32.8121    105.0400     25.9091      4.9831      5.1261     -0.0303      0.0000      0.0303    239.5984     32.1431    180.0000      0.1729     -0.0445     -0.0029
     32.8394    105.0035     28.6364      4.9820      5.1259     -0.0068      0.0000      0.0068    239.6104     32.1448    180.0000      0.1365     -0.0337     -0.0030
     32.5438    105.3212      1.3636      4.9942      5.1286     -0.8416      0.0000      0.8416    239.4971     32.1259    180.0000      0.8198     -0.1386     -0.2561
     32.5711    105.2850      4.0909      4.9931      5.1283     -0.8819      0.0000      0.8819    239.5090     32.1276    180.0000      1.1568     -0.2177      0.4890
     32.5985    105.2487      6.8182      4.9920      5.1281     -1.1293      0.0000      1.1293    239.5210     32.1293    180.0000     -0.3681     -0.3263      0.3122
     32.6258    105.2124      9.5455      4.9908      5.1278     -1.0995      0.0000      1.0995    239.5329     32.1311    180.0000     -0.7667     -0.3069      0.1564
     32.6530    105.1761     12.2727      4.9897      5.1276     -0.8830      0.0000      0.8830    239.5449     32.1328    180.0000     -0.5849     -0.2326      0.0712
     32.6803    105.1397     15.0000      4.9886      5.1273     -0.6126      0.0000      0.6126    239.5568     32.1345    180.0000     -0.2792     -0.1572      0.0262
     32.7076    105.1033     17.7273      4.9875      5.1271     -0.3730      0.0000      0.3730    239.5688     32.1362    180.0000     -0.0313     -0.1010      0.0077
     32.7348    105.0669     20.4545      4.9863      5.1268     -0.1957      0.0000      0.1957    239.5808     32.1379    180.0000      0.1295     -0.0644      0.0006
     32.7621    105.0305     23.1818      4.9852      5.1266     -0.0850      0.0000      0.0850    239.5928     32.1397    180.0000      0.1970     -0.0426     -0.0028
     32.7893    104.9941     25.9091      4.9841      5.1264     -0.0293      0.0000      0.0293    239.6047     32.1414    180.0000      0.1897     -0.0313     -0.0032
     32.8165    104.9576     28.6364      4.9830      5.1261     -0.0078      0.0000      0.0078    239.6167     32.1431    180.0000      0.1435     -0.0253     -0.0027
     32.5209    105.2755      1.3636      4.9880      5.1361     -1.6714      0.0000      1.6714    239.1443     32.0732    180.0000     -0.4110     -0.3627     -0.2424
     32.5482    105.2392      4.0909      4.9869      5.1358     -1.7631      0.0000      1.7631    239.1562     32.0749    180.0000     -1.1650     -0.3582      0.7238
     32.5755    105.2029      6.8182      4.9857      5.1356     -1.5785      0.0000      1.5785    239.1681     32.0765    180.0000     -0.9997     -0.4180      0.3736
     32.6028    105.1666      9.5455      4.9846      5.1354     -1.2367      0.0000      1.2367    239.1799     32.0782    180.0000     -0.5619     -0.3512      0.1648
     32.6301    105.1303     12.2727      4.9835      5.1351     -0.8786      0.0000      0.8786    239.1918     32.0799    180.0000     -0.2224     -0.2524      0.0631
     32.6574    105.0939     15.0000      4.9824      5.1349     -0.5662      0.0000      0.5662    239.2037     32.0816    180.0000      0.0167     -0.1625      0.0217
     32.6847    105.0575     17.7273      4.9813      5.1346     -0.3264      0.0000      0.3264    239.2157     32.0832    180.0000      0.1684     -0.0934      0.0051
     32.7119    105.0211     20.4545      4.9802      5.1344     -0.1662      0.0000      0.1662    239.2276     32.0849    180.0000      0.2349     -0.0490     -0.0019
     32.7392    104.9847     23.1818      4.9791      5.1342     -0.0731      0.0000      0.0731    239.2395     32.0866    180.0000      0.2409     -0.0271     -0.0033
     32.7664    104.9483     25.9091      4.9779      5.1339     -0.0293      0.0000      0.0293    239.2514     32.0883    180.0000      0.1990     -0.0197     -0.0029
     32.7936    104.9118     28.6364      4.9768      5.1337     -0.0115      0.0000      0.0115    239.2634     32.0900    180.0000      0.1413     -0.0183     -0.0021
     32.4972    105.2310      1.3636      4.8803      5.1908     -2.6254      0.0000      2.6254    236.2009     31.6953    180.0000     -1.9860     -0.0164     -0.3478
     32.5245    105.1948      4.0909      4.8793      5.1906     -2.5684      0.0000      2.5684    236.2124     31.6966    180.0000     -3.0842      0.1353      0.3796
     32.5518    105.1585      6.8182      4.8782      5.1904     -1.9618     -0.0259      1.9619    236.2239     31.6979    179.2424     -1.5424     -0.0812      0.0940
     32.5791    105.1222      9.5455      4.8772      5.1903     -1.3547     -0.0146      1.3548    236.2354     31.6992    179.3827     -0.5056     -0.0542     -0.0496
     32.6064    105.0858     12.2727      4.8762      5.1901     -0.8663     -0.0040      0.8663    236.2469     31.7006    179.7375      0.0268     -0.0252     -0.0827
     32.6337    105.0495     15.0000      4.8752      5.1899     -0.5103      0.0000      0.5103    236.2584     31.7019    180.0000      0.2687     -0.0082     -0.0760
     32.6609    105.0131     17.7273      4.8742      5.1897     -0.2739      0.0000      0.2739    236.2700     31.7032    180.0000      0.3496     -0.0000     -0.0574
     32.6882    104.9767     20.4545      4.8731      5.1895     -0.1349      0.0000      0.1349    236.2815     31.7046    180.0000      0.3351      0.0100     -0.0397
     32.7154    104.9403     23.1818      4.8721      5.1893     -0.0657      0.0000      0.0657    236.2930     31.7059    180.0000      0.2701      0.0118     -0.0256
     32.7427    104.9038     25.9091      4.8711      5.1891     -0.0366      0.0000      0.0366    236.3046     31.7072    180.0000      0.1889      0.0049     -0.0160
     32.7699    104.8674     28.6364      4.8701      5.1889     -0.0206      0.0000      0.0206    236.3161     31.7086    180.0000      0.1267     -0.0035     -0.0101
     32.4724    105.1880      1.3636      4.8823      5.2080     -3.2778     -0.1522      3.2813    235.1752     31.5790    177.3416     -2.7856      0.0122     -0.0012
     32.4997    105.1518      4.0909      4.8813      5.2078     -2.9424     -0.1456      2.9460    235.1866     31.5802    177.1674     -3.0656     -0.1659     -0.1427
     32.5271    105.1155      6.8182      4.8803      5.2076     -2.1827     -0.1337      2.1868    235.1980     31.5814    176.4956     -1.6484     -0.2798     -0.2507
     32.5544    105.0792      9.5455      4.8793      5.2074     -1.4365     -0.0862      1.4391    235.2094     31.5826    176.5662     -0.4670     -0.1741     -0.2541
     32.5816    105.0429     12.2727      4.8783      5.2072     -0.8617     -0.0409      0.8626    235.2208     31.5838    177.2813      0.1649     -0.0468     -0.2023
     32.6089    105.0065     15.0000      4.8773      5.2071     -0.4661     -0.0134      0.4663    235.2322     31.5851    178.3589      0.4403      0.0349     -0.1433
     32.6362    104.9701     17.7273      4.8763      5.2069     -0.2337     -0.0019      0.2337    235.2436     31.5863    179.5453      0.4665      0.0676     -0.0928
     32.6634    104.9337     20.4545      4.8753      5.2067     -0.1158      0.0000      0.1158    235.2550     31.5875    180.0000      0.3892      0.0633     -0.0587
     32.6907    104.8973     23.1818      4.8743      5.2065     -0.0703      0.0000      0.0703    235.2664     31.5887    180.0000      0.2634      0.0511     -0.0383
     32.7179    104.8609     25.9091      4.8733      5.2063     -0.0550     -0.0000      0.0550    235.2778     31.5899    179.9727      0.1489      0.0344     -0.0260
     32.7451    104.8244     28.6364      4.8723      5.2062     -0.0369      0.0000      0.0369    235.2893     31.5911    180.0000      0.0934      0.0165     -0.0175
     32.4481    105.1419      1.3636      5.3448      5.1069     -3.5383      0.0000      3.5383    240.6005     32.2789    180.0000     -2.9625     -0.3703     -0.0410
     32.4754    105.1056      4.0909      5.3435      5.1066     -3.0440      0.0000      3.0440    240.6126     32.2808    180.0000     -2.8379     -0.3454      0.2199
     32.5027    105.0693      6.8182      5.3423      5.1063     -2.2612      0.0000      2.2612    240.6247     32.2826    180.0000     -1.7445     -0.2518      0.1780
     32.5300    105.0330      9.5455      5.3411      5.1061     -1.4678      0.0000      1.4678    240.6368     32.2845    180.0000     -0.6108     -0.1566      0.1072
     32.5573    104.9967     12.2727      5.3398      5.1058     -0.8452      0.0000      0.8452    240.6489     32.2863    180.0000      0.1092     -0.0691      0.0532
     32.5846    104.9603     15.0000      5.3386      5.1055     -0.4340      0.0000      0.4340    240.6610     32.2882    180.0000      0.4270      0.0054      0.0266
     32.6118    104.9240     17.7273      5.3374      5.1053     -0.2075      0.0000      0.2075    240.6731     32.2901    180.0000      0.4774      0.0559      0.0134
     32.6391    104.8876     20.4545      5.3362      5.1050     -0.1128      0.0000      0.1128    240.6852     32.2920    180.0000      0.3697      0.0716      0.0078
     32.6663    104.8511     23.1818      5.3349      5.1048     -0.0908      0.0000      0.0908    240.6973     32.2938    180.0000      0.2051      0.0556      0.0080
     32.6936    104.8147     25.9091      5.3337      5.1045     -0.0848      0.0000      0.0848    240.7095     32.2957    180.0000      0.0802      0.0268      0.0087
     32.7208    104.7782     28.6364      5.3325      5.1042     -0.0596      0.0000      0.0596    240.7216     32.2976    180.0000      0.0441      0.0064      0.0072
     32.4254    105.0963      1.3636      4.5806      5.1542     -3.3997     -0.0054      3.3997    238.3033     31.9472    179.9091     -1.9283      0.1473     -0.0651
     32.4528    105.0601      4.0909      4.5796      5.1540     -2.9060     -0.0329      2.9062    238.3150     31.9488    179.3517     -2.0957     -0.1342     -0.1855
     32.4801    105.0238      6.8182      4.5786      5.1537     -2.1247     -0.0497      2.1252    238.3268     31.9503    178.6592     -1.1775     -0.1866     -0.1364
     32.5074    104.9875      9.5455      4.5776      5.1535     -1.3627     -0.0571      1.3639    238.3385     31.9519    177.6014     -0.3305     -0.1357     -0.1011
     32.5347    104.9511     12.2727      4.5766      5.1533     -0.7647     -0.0528      0.7665    238.3503     31.9535    176.0470      0.2292     -0.0356     -0.0746
     32.5619    104.9148     15.0000      4.5756      5.1531     -0.3796     -0.0448      0.3823    238.3620     31.9550    173.2654      0.4709      0.0486     -0.0509
     32.5892    104.8784     17.7273      4.5746      5.1528     -0.1859     -0.0353      0.1893    238.3738     31.9566    169.2626      0.4551      0.0978     -0.0342
     32.6165    104.8420     20.4545      4.5736      5.1526     -0.1283     -0.0233      0.1304    238.3856     31.9582    169.6864      0.2763      0.1152     -0.0190
     32.6437    104.8056     23.1818      4.5726      5.1524     -0.1304     -0.0103      0.1309    238.3974     31.9598    175.4692      0.0747      0.1122     -0.0076
     32.6709    104.7691     25.9091      4.5716      5.1521     -0.1292     -0.0010      0.1292    238.4091     31.9613    179.5589     -0.0467      0.0891     -0.0010
     32.6982    104.7327     28.6364      4.5706      5.1519     -0.0875      0.0000      0.0875    238.4209     31.9629    180.0000     -0.0272      0.0391      0.0016
     32.4015    105.0521      1.3636      5.2780      5.1890     -3.3500      0.0000      3.3500    236.4097     31.7076    180.0000     -1.7872      0.1826     -0.1349
     32.4288    105.0159      4.0909      5.2769      5.1888     -2.7506      0.0000      2.7506    236.4212     31.7090    180.0000     -1.4522      0.2181     -0.1863
     32.4561    104.9796      6.8182      5.2758      5.1886     -1.9475     -0.0479      1.9481    236.4327     31.7103    178.5915     -0.5850      0.0535     -0.1584
     32.4834    104.9433      9.5455      5.2747      5.1884     -1.2172     -0.0907      1.2206    236.4442     31.7117    175.7407     -0.0004     -0.0367     -0.1318
     32.5107    104.9070     12.2727      5.2736      5.1882     -0.6540     -0.1041      0.6623    236.4557     31.7130    170.9521      0.4062      0.0123     -0.1003
     32.5380    104.8706     15.0000      5.2725      5.1880     -0.3070     -0.1036      0.3241    236.4673     31.7144    161.3470      0.5641      0.0557     -0.0732
     32.5652    104.8342     17.7273      5.2714      5.1878     -0.1631     -0.0905      0.1865    236.4788     31.7157    150.9807      0.4520      0.0767     -0.0473
     32.5925    104.7978     20.4545      5.2703      5.1876     -0.1479     -0.0638      0.1611    236.4903     31.7171    156.6658      0.1950      0.1002     -0.0287
     32.6197    104.7614     23.1818      5.2692      5.1874     -0.1729     -0.0323      0.1759    236.5018     31.7184    169.4362     -0.0424      0.1251     -0.0151
     32.6470    104.7250     25.9091      5.2681      5.1872     -0.1732     -0.0082      0.1734    236.5134     31.7198    177.2890     -0.1596      0.1282     -0.0068
     32.6742    104.6885     28.6364      5.2670      5.1870     -0.1149      0.0000      0.1149    236.5249     31.7211    180.0000     -0.0957      0.0859     -0.0026
     32.3765    105.0090      1.3636      4.5553      5.2182     -3.3480     -0.0296      3.3481    234.6241     31.5098    179.4939     -1.4487      0.2076     -0.2344
     32.4038    104.9727      4.0909      4.5544      5.2181     -2.7094     -0.0342      2.7096    234.6354     31.5109    179.2760     -1.3796      0.4169     -0.0839
     32.4311    104.9364      6.8182      4.5535      5.2179     -1.8360     -0.1109      1.8393    234.6467     31.5121    176.5442     -0.3484      0.1176     -0.1169
     32.4584    104.9001      9.5455      4.5526      5.2177     -1.0549     -0.1715      1.0687    234.6580     31.5132    170.7642      0.3960     -0.0392     -0.1243
     32.4857    104.8638     12.2727      4.5517      5.2175     -0.4996     -0.2030      0.5393    234.6693     31.5144    157.8919      0.7814     -0.0754     -0.1067
     32.5130    104.8274     15.0000      4.5507      5.2174     -0.2126     -0.2083      0.2976    234.6807     31.5155    135.5911      0.7583     -0.0966     -0.0813
     32.5402    104.7911     17.7273      4.5498      5.2172     -0.1373     -0.1792      0.2258    234.6920     31.5167    127.4574      0.4650     -0.0663     -0.0548
     32.5675    104.7547     20.4545      4.5489      5.2170     -0.1677     -0.1237      0.2084    234.7033     31.5179    143.5964      0.1179      0.0162     -0.0345
     32.5947    104.7182     23.1818      4.5480      5.2168     -0.2112     -0.0662      0.2214    234.7147     31.5190    162.6042     -0.1375      0.0930     -0.0191
     32.6220    104.6818     25.9091      4.5471      5.2167     -0.2072     -0.0244      0.2087    234.7260     31.5202    173.2943     -0.2276      0.1304     -0.0082
     32.6492    104.6453     28.6364      4.5462      5.2165     -0.1340     -0.0044      0.1341    234.7374     31.5213    178.1016     -0.1287      0.1175     -0.0041
     32.3501    104.9675      1.3636      5.2035      5.2584     -3.5567     -0.2557      3.5659    231.6678     31.2417    175.8881     -2.2297      0.6265     -0.0158
     32.3774    104.9312      4.0909      5.2025      5.2583     -2.7214     -0.2561      2.7334    231.6788     31.2425    174.6235     -0.9989      0.2959     -0.5928
     32.4047    104.8949      6.8182      5.2016      5.2582     -1.7601     -0.2880      1.7835    231.6899     31.2434    170.7089     -0.0119      0.0306     -0.4669
     32.4320    104.8586      9.5455      5.2006      5.2580     -0.9011     -0.3157      0.9547    231.7010     31.2442    160.6934      0.8858     -0.0803     -0.3076
     32.4593    104.8223     12.2727      5.1996      5.2579     -0.3475     -0.3349      0.4826    231.7120     31.2451    136.0609      1.2003     -0.1899     -0.1891
     32.4866    104.7859     15.0000      5.1987      5.2578     -0.1208     -0.3241      0.3459    231.7231     31.2460    110.4451      0.9608     -0.2649     -0.1159
     32.5138    104.7496     17.7273      5.1977      5.2576     -0.1103     -0.2661      0.2881    231.7342     31.2468    112.5050      0.4901     -0.2146     -0.0809
     32.5411    104.7132     20.4545      5.1967      5.2575     -0.1817     -0.1791      0.2551    231.7453     31.2477    135.4108      0.0584     -0.0756     -0.0685
     32.5684    104.6767     23.1818      5.1958      5.2574     -0.2400     -0.1009      0.2604    231.7564     31.2486    157.1960     -0.2086      0.0370     -0.0608
     32.5956    104.6403     25.9091      5.1948      5.2572     -0.2324     -0.0499      0.2377    231.7674     31.2494    167.8877     -0.2758      0.0809     -0.0492
     32.6228    104.6038     28.6364      5.1938      5.2571     -0.1476     -0.0201      0.1490    231.7785     31.2503    172.2537     -0.1457      0.0909     -0.0340
     32.3251    104.9224      1.3636      4.9643      5.0747     -3.6377      0.0000      3.6377    242.1087     32.5083    180.0000     -1.3289     -0.9504     -0.5371
     32.3524    104.8862      4.0909      4.9631      5.0745     -2.8619      0.0000      2.8619    242.1210     32.5103    180.0000     -1.5485      0.3951      1.1953
     32.3797    104.8499      6.8182      4.9620      5.0742     -1.7971     -0.1263      1.8015    242.1333     32.5124    175.9796     -0.1606      0.4172      0.9728
     32.4070    104.8136      9.5455      4.9608      5.0739     -0.8610     -0.2988      0.9114    242.1456     32.5145    160.8610      0.9943     -0.0818      0.5419
     32.4343    104.7772     12.2727      4.9596      5.0736     -0.3159     -0.3951      0.5059    242.1579     32.5165    128.6411      1.2644     -0.4557      0.2376
     32.4616    104.7409     15.0000      4.9584      5.0733     -0.1296     -0.3641      0.3865    242.1702     32.5186    109.5905      0.9294     -0.4530      0.0955
     32.4889    104.7045     17.7273      4.9573      5.0730     -0.1443     -0.2457      0.2849    242.1825     32.5207    120.4216      0.4307     -0.1975      0.0615
     32.5161    104.6681     20.4545      4.9561      5.0727     -0.2172     -0.1140      0.2453    242.1949     32.5228    152.3002      0.0245      0.0812      0.0774
     32.5434    104.6317     23.1818      4.9549      5.0724     -0.2631     -0.0248      0.2642    242.2072     32.5249    174.6052     -0.2080      0.2229      0.0942
     32.5706    104.5952     25.9091      4.9538      5.0721     -0.2419      0.0000      0.2419    242.2196     32.5270    180.0000     -0.2553      0.1438      0.0905
     32.5978    104.5588     28.6364      4.9526      5.0719     -0.1489      0.0000      0.1489    242.2319     32.5290    180.0000     -0.1250      0.0673      0.0629
     32.2993    104.8802      1.3636      4.9236      5.3065     -3.7522     -1.4293      4.0152    226.1260     30.9272    159.1476     -0.2328     -1.0377      0.6624
     32.3266    104.8439      4.0909      4.9229      5.3064     -3.0345     -1.2500      3.2819    226.1368     30.9276    157.6123     -2.1158     -0.9239      0.0180
     32.3539    104.8076      6.8182      4.9221      5.3064     -1.7953     -1.0030      2.0565    226.1476     30.9280    150.8087     -0.3286     -0.5981     -0.2376
     32.3812    104.7713      9.5455      4.9213      5.3063     -0.7625     -0.7875      1.0961    226.1585     30.9283    134.0745      1.0150     -0.5038     -0.2581
     32.4085    104.7350     12.2727      4.9206      5.3063     -0.2078     -0.5901      0.6256    226.1693     30.9287    109.3990      1.2945     -0.4103     -0.2041
     32.4358    104.6987     15.0000      4.9198      5.3062     -0.0534     -0.3971      0.4007    226.1801     30.9291     97.6576      0.9173     -0.1860     -0.1511
     32.4631    104.6623     17.7273      4.9190      5.3062     -0.1049     -0.2323      0.2549    226.1910     30.9295    114.3036      0.3821      0.0527     -0.1185
     32.4903    104.6259     20.4545      4.9183      5.3061     -0.2011     -0.1199      0.2342    226.2018     30.9298    149.1955     -0.0334      0.1899     -0.0987
     32.5176    104.5895     23.1818      4.9175      5.3060     -0.2554     -0.0606      0.2625    226.2127     30.9302    166.6430     -0.2577      0.2064     -0.0861
     32.5448    104.5530     25.9091      4.9167      5.3060     -0.2358     -0.0360      0.2385    226.2236     30.9306    171.3141     -0.2863      0.1508     -0.0621
     32.5720    104.5166     28.6364      4.9160      5.3059     -0.1434     -0.0190      0.1447    226.2344     30.9310    172.4573     -0.1437      0.1159     -0.0388
     32.2679    104.8438      1.3636      4.8529      5.3182     -4.6604     -2.2308      5.1668    222.6691     30.8518    154.4207     -3.9080     -1.7535      1.3989
     32.2952    104.8076      4.0909      4.8523      5.3182     -3.4071     -1.9414      3.9214    222.6800     30.8518    150.3246     -2.5085     -1.7121      0.0263
     32.3225    104.7713      6.8182      4.8516      5.3182     -1.9785     -1.4678      2.4635    222.6908     30.8519    143.4279     -0.5268     -1.0578     -0.3786
     32.3498    104.7350      9.5455      4.8509      5.3182     -0.8491     -0.9770      1.2944    222.7017     30.8520    130.9953      0.8791     -0.4095     -0.3862
     32.3771    104.6986     12.2727      4.8503      5.3182     -0.2419     -0.5694      0.6186    222.7125     30.8521    113.0156      1.2375      0.0914     -0.2895
     32.4044    104.6623     15.0000      4.8496      5.3181     -0.0614     -0.2909      0.2973    222.7234     30.8522    101.9124      0.9143      0.3608     -0.1990
     32.4317    104.6259     17.7273      4.8489      5.3181     -0.0990     -0.1322      0.1652    222.7343     30.8523    126.8239      0.4039      0.4372     -0.1433
     32.4589    104.5895     20.4545      4.8483      5.3181     -0.1869     -0.0657      0.1981    222.7451     30.8523    160.6291      0.0004      0.3553     -0.1098
     32.4862    104.5531     23.1818      4.8476      5.3181     -0.2379     -0.0424      0.2416    222.7560     30.8524    169.8998     -0.2127      0.2461     -0.0871
     32.5134    104.5167     25.9091      4.8469      5.3181     -0.2232     -0.0303      0.2252    222.7669     30.8525    172.2813     -0.2540      0.1739     -0.0668
     32.5406    104.4802     28.6364      4.8463      5.3181     -0.1385     -0.0160      0.1394    222.7778     30.8526    173.3936     -0.1277      0.1457     -0.0455
     32.2374    104.8057      1.3636      5.0376      5.2737     -5.1985     -2.1919      5.6417    230.4942     31.1411    157.1377     -3.2276     -3.5075      0.6895
     32.2648    104.7694      4.0909      5.0367      5.2736     -3.9927     -1.9025      4.4227    230.5052     31.1418    154.5227     -3.7559     -1.8772      1.6767
     32.2921    104.7331      6.8182      5.0358      5.2735     -2.3757     -1.4085      2.7618    230.5161     31.1426    149.3372     -1.1516     -0.8748      0.7746
     32.3194    104.6968      9.5455      5.0349      5.2733     -1.0762     -0.8306      1.3594    230.5271     31.1433    142.3398      0.6598      0.1784      0.2476
     32.3467    104.6605     12.2727      5.0340      5.2732     -0.3597     -0.3711      0.5168    230.5381     31.1441    134.1093      1.1938      0.8232      0.0222
     32.3739    104.6242     15.0000      5.0331      5.2731     -0.1080     -0.1104      0.1545    230.5490     31.1449    134.3691      0.9683      0.9207     -0.0407
     32.4012    104.5878     17.7273      5.0322      5.2730     -0.0999     -0.0051      0.1001    230.5600     31.1456    177.0790      0.5143      0.7453     -0.0319
     32.4285    104.5514     20.4545      5.0313      5.2729     -0.1651      0.0000      0.1651    230.5710     31.1464    180.0000      0.1235      0.3833      0.0001
     32.4557    104.5150     23.1818      5.0304      5.2728     -0.2124      0.0000      0.2124    230.5820     31.1471    180.0000     -0.1119      0.2338      0.0262
     32.4830    104.4785     25.9091      5.0295      5.2727     -0.2028      0.0000      0.2028    230.5930     31.1479    180.0000     -0.1847      0.1645      0.0338
     32.5102    104.4421     28.6364      5.0286      5.2725     -0.1275      0.0000      0.1275    230.6040     31.1486    180.0000     -0.0927      0.1321      0.0230
     32.2056    104.7707      1.3636      4.7183      5.2915     -4.9860     -4.1955      6.5163    214.7625     31.0249    139.9211     -4.0331     -4.2903      3.7206
     32.2329    104.7345      4.0909      4.7178      5.2916     -3.8005     -3.5391      5.1932    214.7739     31.0242    137.0397     -4.4506     -4.5934     -0.3366
     32.2602    104.6982      6.8182      4.7174      5.2917     -2.2387     -2.3782      3.2662    214.7853     31.0236    133.2687     -1.7914     -2.3850     -1.0786
     32.2875    104.6619      9.5455      4.7169      5.2917     -1.0171     -1.2206      1.5888    214.7966     31.0230    129.8025      0.1154     -0.0237     -0.8809
     32.3148    104.6256     12.2727      4.7165      5.2918     -0.3587     -0.4228      0.5545    214.8080     31.0224    130.3115      0.7137      1.2843     -0.5676
     32.3421    104.5892     15.0000      4.7160      5.2919     -0.1169     -0.0656      0.1341    214.8194     31.0218    150.6983      0.6387      1.3623     -0.3501
     32.3694    104.5528     17.7273      4.7156      5.2920     -0.0896      0.0000      0.0896    214.8308     31.0212    180.0000      0.3583      0.8193     -0.2314
     32.3966    104.5164     20.4545      4.7151      5.2921     -0.1363     -0.0086      0.1365    214.8422     31.0206    176.4072      0.0805      0.4727     -0.1721
     32.4239    104.4800     23.1818      4.7146      5.2922     -0.1800     -0.0289      0.1823    214.8535     31.0200    170.8895     -0.1171      0.2506     -0.1374
     32.4511    104.4436     25.9091      4.7142      5.2923     -0.1763     -0.0333      0.1794    214.8649     31.0194    169.3165     -0.1838      0.1569     -0.1055
     32.4783    104.4071     28.6364      4.7137      5.2924     -0.1131     -0.0208      0.1150    214.8763     31.0188    169.5838     -0.1061      0.1438     -0.0714
     32.1706    104.7390      1.3636      5.0992      5.3197     -5.5120     -3.5019      6.5303    220.1735     30.8422    147.5710     -7.3429     -4.0919      2.7079
     32.1980    104.7027      4.0909      5.0986      5.3197     -3.9947     -3.0787      5.0434    220.1845     30.8421    142.3787     -3.9390     -3.6876      0.4933
     32.2253    104.6664      6.8182      5.0980      5.3197     -2.3929     -2.1314      3.2045    220.1954     30.8419    138.3087     -1.2443     -1.6949     -0.3380
     32.2526    104.6301      9.5455      5.0973      5.3197     -1.1322     -1.1177      1.5910    220.2063     30.8418    135.3716      0.5025      0.2869     -0.4453
     32.2799    104.5938     12.2727      5.0967      5.3198     -0.4141     -0.3784      0.5610    220.2173     30.8417    137.5765      1.0217      1.4371     -0.3434
     32.3071    104.5574     15.0000      5.0961      5.3198     -0.1259     -0.0385      0.1316    220.2282     30.8416    163.0042      0.8526      1.4666     -0.2282
     32.3344    104.5211     17.7273      5.0954      5.3198     -0.0710      0.0000      0.0710    220.2392     30.8414    180.0000      0.5094      0.7360     -0.1440
     32.3617    104.4847     20.4545      5.0948      5.3198     -0.1077      0.0000      0.1077    220.2501     30.8413    180.0000      0.1873      0.4261     -0.0890
     32.3889    104.4483     23.1818      5.0942      5.3198     -0.1512      0.0000      0.1512    220.2611     30.8412    180.0000     -0.0370      0.3133     -0.0537
     32.4161    104.4118     25.9091      5.0935      5.3199     -0.1548      0.0000      0.1548    220.2720     30.8411    180.0000     -0.1270      0.2519     -0.0332
     32.4434    104.3754     28.6364      5.0929      5.3199     -0.1023      0.0000      0.1023    220.2830     30.8409    180.0000     -0.0684      0.2031     -0.0221
     32.1364    104.7036      1.3636      5.0228      5.3217     -4.5267     -2.4610      5.1525    222.2442     30.8291    151.4691     -4.6032     -1.7763      1.6265
     32.1637    104.6673      4.0909      5.0222      5.3217     -3.5936     -2.3272      4.2814    222.2551     30.8291    147.0739     -3.4994     -2.1267      0.0320
     32.1910    104.6310      6.8182      5.0215      5.3217     -2.2475     -1.7447      2.8452    222.2659     30.8292    142.1792     -1.2733     -1.2237     -0.4429
     32.2183    104.5947      9.5455      5.0208      5.3217     -1.1061     -1.0024      1.4927    222.2767     30.8292    137.8156      0.3586      0.0982     -0.4296
     32.2456    104.5584     12.2727      5.0201      5.3217     -0.4172     -0.3913      0.5720    222.2876     30.8293    136.8339      0.9573      1.0673     -0.3080
     32.2729    104.5221     15.0000      5.0195      5.3217     -0.1213     -0.0668      0.1385    222.2984     30.8293    151.1460      0.8716      1.2541     -0.2006
     32.3002    104.4857     17.7273      5.0188      5.3217     -0.0553      0.0000      0.0553    222.3093     30.8294    180.0000      0.5525      0.7613     -0.1260
     32.3274    104.4493     20.4545      5.0181      5.3217     -0.0839      0.0000      0.0839    222.3202     30.8294    180.0000      0.2382      0.4252     -0.0758
     32.3547    104.4129     23.1818      5.0174      5.3217     -0.1240      0.0000      0.1240    222.3310     30.8295    180.0000      0.0079      0.2957     -0.0444
     32.3819    104.3764     25.9091      5.0168      5.3217     -0.1312      0.0000      0.1312    222.3419     30.8295    180.0000     -0.0956      0.2290     -0.0253
     32.4091    104.3400     28.6364      5.0161      5.3217     -0.0875      0.0000      0.0875    222.3527     30.8296    180.0000     -0.0517      0.1903     -0.0160
     32.1036    104.6702      1.3636      4.6121      5.3192     -3.2346     -1.7006      3.6544    219.2676     30.8451    152.2662     -2.6719     -0.0827      0.7329
     32.1309    104.6339      4.0909      4.6115      5.3193     -2.6655     -1.7789      3.2046    219.2785     30.8449    146.2819     -1.9837     -1.2899     -0.8568
     32.1582    104.5976      6.8182      4.6110      5.3193     -1.7078     -1.4300      2.2274    219.2895     30.8447    140.0578     -0.6122     -0.8949     -0.8523
     32.1855    104.5613      9.5455      4.6104      5.3193     -0.8653     -0.8816      1.2353    219.3005     30.8445    134.4654      0.4542      0.1075     -0.5965
     32.2128    104.5250     12.2727      4.6099      5.3194     -0.3366     -0.3864      0.5124    219.3114     30.8443    131.0618      0.8703      0.9061     -0.3856
     32.2401    104.4886     15.0000      4.6093      5.3194     -0.0996     -0.0909      0.1348    219.3224     30.8441    137.6177      0.7831      1.1393     -0.2451
     32.2674    104.4523     17.7273      4.6088      5.3194     -0.0433      0.0000      0.0433    219.3334     30.8439    180.0000      0.5050      0.8474     -0.1553
     32.2946    104.4159     20.4545      4.6082      5.3194     -0.0634     -0.0000      0.0634    219.3444     30.8437    179.9867      0.2364      0.4819     -0.0999
     32.3219    104.3794     23.1818      4.6077      5.3195     -0.0936      0.0000      0.0936    219.3554     30.8435    180.0000      0.0467      0.3415     -0.0654
     32.3491    104.3430     25.9091      4.6071      5.3195     -0.1004      0.0000      0.1004    219.3664     30.8433    180.0000     -0.0476      0.2671     -0.0428
     32.3763    104.3065     28.6364      4.6066      5.3195     -0.0681      0.0000      0.0681    219.3774     30.8431    180.0000     -0.0273      0.2198     -0.0288
     32.0697    104.6403      1.3636      4.8117      5.2906     -1.9841     -0.9267      2.1899    214.2407     31.0303    154.9639     -0.8459      2.0538     -1.0344
     32.0970    104.6041      4.0909      4.8112      5.2907     -1.4904     -1.1644      1.8914    214.2521     31.0297    142.0007      0.5721     -0.2315     -1.6538
     32.1243    104.5678      6.8182      4.8108      5.2908     -0.9574     -0.9772      1.3681    214.2635     31.0290    134.4154      0.8028      0.2744     -0.9928
     32.1516    104.5315      9.5455      4.8103      5.2909     -0.4972     -0.6258      0.7993    214.2749     31.0283    128.4695      1.0152      0.9158     -0.6487
     32.1789    104.4951     12.2727      4.8099      5.2910     -0.1989     -0.2958      0.3565    214.2863     31.0277    123.9134      0.9807      1.2640     -0.4394
     32.2061    104.4588     15.0000      4.8094      5.2911     -0.0627     -0.0866      0.1069    214.2977     31.0270    125.8953      0.7385      1.2479     -0.2905
     32.2334    104.4224     17.7273      4.8090      5.2912     -0.0288     -0.0030      0.0289    214.3091     31.0264    174.1219      0.4616      0.9759     -0.1954
     32.2607    104.3860     20.4545      4.8085      5.2913     -0.0396      0.0000      0.0396    214.3205     31.0257    180.0000      0.2539      0.5919     -0.1331
     32.2879    104.3496     23.1818      4.8081      5.2914     -0.0568      0.0000      0.0568    214.3319     31.0251    180.0000      0.1245      0.4132     -0.0923
     32.3152    104.3132     25.9091      4.8076      5.2915     -0.0608      0.0000      0.0608    214.3434     31.0244    180.0000      0.0524      0.3146     -0.0650
     32.3424    104.2767     28.6364      4.8072      5.2916     -0.0422      0.0000      0.0422    214.3548     31.0238    180.0000      0.0360      0.2517     -0.0445
          
     32.0115    104.5945      1.3636      4.9134      5.1614     -1.3299     -3.5720      3.8115    205.0075     31.8975    110.4216      4.2722     -3.2057      1.6470
     32.0389    104.5582      4.0909      4.9132      5.1616     -1.1910     -2.7553      3.0017    205.0203     31.8957    113.3765     -0.0586     -1.7040      0.8656
     32.0662    104.5219      6.8182      4.9129      5.1619     -0.8291     -2.0518      2.2130    205.0332     31.8940    112.0033     -0.3295     -0.7937     -0.2601
     32.0935    104.4856      9.5455      4.9126      5.1621     -0.4785     -1.4376      1.5151    205.0460     31.8923    108.4087     -0.1118     -0.2436     -0.5919
     32.1208    104.4493     12.2727      4.9124      5.1624     -0.2458     -0.9160      0.9484    205.0588     31.8906    105.0202     -0.0147      0.1856     -0.5729
     32.1480    104.4129     15.0000      4.9121      5.1626     -0.1308     -0.5135      0.5299    205.0716     31.8889    104.2880     -0.0193      0.5023     -0.4477
     32.1753    104.3765     17.7273      4.9119      5.1629     -0.0958     -0.2384      0.2569    205.0844     31.8872    111.8923     -0.0612      0.6724     -0.3201
     32.2026    104.3401     20.4545      4.9116      5.1631     -0.0991     -0.0807      0.1278    205.0972     31.8855    140.8629     -0.1013      0.6970     -0.2226
     32.2298    104.3037     23.1818      4.9114      5.1634     -0.1092     -0.0137      0.1101    205.1100     31.8838    172.8762     -0.1348      0.5967     -0.1561
     32.2570    104.2673     25.9091      4.9111      5.1636     -0.1008     -0.0000      0.1008    205.1228     31.8821    179.9992     -0.1376      0.4212     -0.1097
     32.2843    104.2308     28.6364      4.9108      5.1639     -0.0625      0.0000      0.0625    205.1357     31.8803    180.0000     -0.0747      0.2851     -0.0752
     31.9702    104.5700      1.3636      5.3776      5.2192     -3.1657     -5.5289      6.3710    208.2288     31.5029    119.7947     -1.0572     -5.4544      3.1005
     31.9975    104.5337      4.0909      5.3772      5.2194     -2.4228     -4.8310      5.4045    208.2410     31.5016    116.6344     -2.3848     -5.1466      1.4167
     32.0248    104.4974      6.8182      5.3769      5.2196     -1.5879     -3.7595      4.0810    208.2532     31.5003    112.8978     -1.6845     -3.5363     -0.0120
     32.0521    104.4611      9.5455      5.3765      5.2198     -0.9165     -2.6551      2.8088    208.2654     31.4990    109.0432     -0.8947     -1.9493     -0.5197
     32.0794    104.4248     12.2727      5.3762      5.2200     -0.4733     -1.6828      1.7481    208.2776     31.4978    105.7086     -0.3571     -0.6173     -0.5730
     32.1067    104.3884     15.0000      5.3758      5.2202     -0.2440     -0.9249      0.9566    208.2899     31.4965    104.7795     -0.1157      0.3584     -0.4700
     32.1340    104.3521     17.7273      5.3755      5.2204     -0.1679     -0.4190      0.4514    208.3021     31.4952    111.8354     -0.1032      0.8591     -0.3379
     32.1612    104.3157     20.4545      5.3751      5.2206     -0.1659     -0.1306      0.2111    208.3143     31.4939    141.7740     -0.1829      1.0028     -0.2352
     32.1885    104.2792     23.1818      5.3748      5.2208     -0.1788     -0.0125      0.1793    208.3265     31.4926    175.9977     -0.2708      0.8558     -0.1626
     32.2157    104.2428     25.9091      5.3744      5.2210     -0.1651      0.0000      0.1651    208.3388     31.4913    180.0000     -0.2866      0.5197     -0.1108
     32.2429    104.2063     28.6364      5.3741      5.2212     -0.1046      0.0000      0.1046    208.3510     31.4900    180.0000     -0.1695      0.3420     -0.0737
     31.9310    104.5411      1.3636      4.9303      5.3095     -4.8766     -6.0447      7.7666    216.2260     30.9082    128.8952     -4.9249     -5.0249      3.9192
     31.9583    104.5048      4.0909      4.9298      5.3095     -3.6308     -5.5985      6.6728    216.2371     30.9077    122.9645     -3.2664     -5.5762      1.0955
     31.9856    104.4685      6.8182      4.9293      5.3096     -2.3757     -4.5723      5.1527    216.2483     30.9073    117.4559     -1.7190     -4.1872     -0.1528
     32.0129    104.4322      9.5455      4.9288      5.3097     -1.3967     -3.3030      3.5862    216.2595     30.9068    112.9210     -0.6377     -2.2780     -0.5413
     32.0402    104.3959     12.2727      4.9283      5.3097     -0.7347     -2.0844      2.2101    216.2707     30.9063    109.4172      0.0494     -0.4628     -0.5515
     32.0675    104.3595     15.0000      4.9278      5.3098     -0.3744     -1.1179      1.1789    216.2818     30.9059    108.5162      0.2973      0.7743     -0.4386
     32.0948    104.3232     17.7273      4.9272      5.3099     -0.2297     -0.4768      0.5292    216.2930     30.9054    115.7241      0.2551      1.3294     -0.3116
     32.1220    104.2868     20.4545      4.9267      5.3100     -0.1970     -0.1324      0.2374    216.3042     30.9049    146.0805      0.1003      1.3481     -0.2160
     32.1493    104.2503     23.1818      4.9262      5.3100     -0.1952     -0.0091      0.1954    216.3154     30.9045    177.3364     -0.0521      1.0159     -0.1473
     32.1765    104.2139     25.9091      4.9257      5.3101     -0.1754      0.0000      0.1754    216.3265     30.9040    180.0000     -0.1260      0.5884     -0.0973
     32.2037    104.1774     28.6364      4.9252      5.3102     -0.1118      0.0000      0.1118    216.3377     30.9036    180.0000     -0.0629      0.3900     -0.0618
     31.8996    104.5052      1.3636      4.8877      5.2630     -6.1098     -5.0925      7.9538    232.0290     31.2112    140.1894     -5.2403     -4.4460      2.3985
     31.9269    104.4690      4.0909      4.8868      5.2629     -4.7802     -4.8697      6.8239    232.0399     31.2121    134.4687     -3.4275     -4.1921      1.8386
     31.9542    104.4327      6.8182      4.8859      5.2628     -3.3243     -4.1291      5.3010    232.0509     31.2130    128.8370     -1.6543     -3.1971      0.7444
     31.9815    104.3964      9.5455      4.8850      5.2626     -2.0441     -3.0499      3.6716    232.0619     31.2139    123.8312     -0.1364     -1.6427      0.1444
     32.0088    104.3600     12.2727      4.8841      5.2625     -1.1299     -1.9372      2.2426    232.0729     31.2148    120.2528      0.7118     -0.0850     -0.0831
     32.0361    104.3237     15.0000      4.8832      5.2624     -0.5888     -1.0161      1.1744    232.0839     31.2157    120.0919      0.9460      1.0123     -0.1161
     32.0634    104.2873     17.7273      4.8824      5.2622     -0.3278     -0.3851      0.5057    232.0949     31.2166    130.4082      0.8202      1.5311     -0.0903
     32.0906    104.2509     20.4545      4.8815      5.2621     -0.2338     -0.0722      0.2447    232.1059     31.2175    162.8294      0.5403      1.4032     -0.0435
     32.1179    104.2145     23.1818      4.8806      5.2619     -0.2039      0.0000      0.2039    232.1170     31.2184    180.0000      0.2741      0.8275     -0.0071
     32.1451    104.1781     25.9091      4.8797      5.2618     -0.1740      0.0000      0.1740    232.1280     31.2193    180.0000      0.1058      0.4367      0.0127
     32.1723    104.1416     28.6364      4.8788      5.2617     -0.1081      0.0000      0.1081    232.1390     31.2202    180.0000      0.0955      0.2995      0.0160
     31.8741    104.4647      1.3636      4.6390      5.2206     -5.6751     -5.4967      7.9006    235.0692     31.4936    135.9149     -1.5065     -5.8961      2.4251
     31.9014    104.4284      4.0909      4.6381      5.2204     -4.7939     -5.0659      6.9745    235.0804     31.4948    133.4196     -3.7031     -4.6773      2.2309
     31.9287    104.3922      6.8182      4.6371      5.2203     -3.3806     -4.1241      5.3326    235.0917     31.4960    129.3423     -1.8295     -3.1449      0.8822
     31.9560    104.3558      9.5455      4.6362      5.2201     -2.0827     -2.9467      3.6084    235.1029     31.4972    125.2524     -0.1600     -1.4285      0.1887
     31.9833    104.3195     12.2727      4.6353      5.2199     -1.1761     -1.8172      2.1646    235.1142     31.4984    122.9114      0.6632      0.0374     -0.0488
     32.0106    104.2832     15.0000      4.6344      5.2197     -0.6377     -0.8939      1.0980    235.1254     31.4996    125.5037      0.9055      1.1316     -0.0858
     32.0379    104.2468     17.7273      4.6334      5.2196     -0.3785     -0.2901      0.4768    235.1367     31.5008    142.5342      0.7578      1.6007     -0.0437
     32.0651    104.2104     20.4545      4.6325      5.2194     -0.2741     -0.0194      0.2748    235.1479     31.5020    175.9601      0.4928      1.3999      0.0116
     32.0924    104.1740     23.1818      4.6316      5.2192     -0.2305      0.0000      0.2305    235.1592     31.5032    180.0000      0.2500      0.6243      0.0461
     32.1196    104.1375     25.9091      4.6307      5.2190     -0.1874      0.0000      0.1874    235.1705     31.5045    180.0000      0.1073      0.3353      0.0561
     32.1468    104.1011     28.6364      4.6298      5.2188     -0.1106      0.0000      0.1106    235.1818     31.5057    180.0000      0.1086      0.2430      0.0431
     31.8439    104.4281      1.3636      5.1146      5.3189     -4.1989     -7.6222      8.7022    217.5017     30.8471    118.8496     -0.9493     -8.2652      5.1747
     31.8712    104.3918      4.0909      5.1141      5.3190     -3.4047     -6.7362      7.5478    217.5128     30.8467    116.8134     -3.4124     -6.8978      1.5930
     31.8985    104.3555      6.8182      5.1135      5.3190     -2.2438     -5.1952      5.6591    217.5238     30.8464    113.3597     -1.7856     -4.4759     -0.3799
     31.9258    104.3192      9.5455      5.1130      5.3191     -1.3147     -3.5380      3.7744    217.5348     30.8460    110.3846     -0.5128     -1.9381     -0.8222
     31.9531    104.2829     12.2727      5.1124      5.3191     -0.7481     -2.0874      2.2174    217.5459     30.8457    109.7166      0.0801      0.0677     -0.7582
     31.9804    104.2465     15.0000      5.1119      5.3192     -0.4750     -1.0117      1.1177    217.5569     30.8453    115.1502      0.1728      1.2866     -0.5685
     32.0077    104.2102     17.7273      5.1113      5.3193     -0.3670     -0.3574      0.5123    217.5680     30.8450    135.7593      0.0694      1.7049     -0.3822
     32.0349    104.1738     20.4545      5.1107      5.3193     -0.3187     -0.0615      0.3246    217.5790     30.8447    169.0786     -0.0364      1.5011     -0.2446
     32.0622    104.1374     23.1818      5.1102      5.3194     -0.2759      0.0000      0.2759    217.5901     30.8443    180.0000     -0.0909      0.9331     -0.1511
     32.0894    104.1009     25.9091      5.1096      5.3194     -0.2186      0.0000      0.2186    217.6011     30.8440    180.0000     -0.1038      0.5525     -0.0930
     32.1166    104.0645     28.6364      5.1091      5.3195     -0.1259      0.0000      0.1259    217.6122     30.8436    180.0000     -0.0230      0.3812     -0.0622
     31.8058    104.4034      1.3636      4.6776      5.0406     -3.6482     -8.5252      9.2729    199.3577     32.7557    113.1674     -8.2929     -9.8112      6.3779
     31.8331    104.3672      4.0909      4.6775      5.0410     -1.9600     -7.2727      7.5322    199.3717     32.7531    105.0832     -3.3745     -8.7193     -0.6436
     31.8604    104.3309      6.8182      4.6773      5.0413     -0.9427     -5.4963      5.5766    199.3856     32.7505     99.7322     -1.5376     -5.3419     -2.1404
     31.8877    104.2946      9.5455      4.6772      5.0417     -0.4212     -3.7209      3.7447    199.3996     32.7479     96.4580     -0.7378     -2.3644     -2.0274
     31.9150    104.2582     12.2727      4.6771      5.0421     -0.2536     -2.2214      2.2358    199.4135     32.7453     96.5125     -0.5672     -0.1568     -1.5793
     31.9423    104.2219     15.0000      4.6769      5.0424     -0.2685     -1.1443      1.1754    199.4275     32.7427    103.2056     -0.6328      1.0832     -1.1363
     31.9696    104.1855     17.7273      4.6768      5.0428     -0.3251     -0.4813      0.5807    199.4414     32.7401    124.0362     -0.6776      1.5426     -0.8196
     31.9968    104.1491     20.4545      4.6766      5.0431     -0.3527     -0.1661      0.3899    199.4554     32.7375    154.7824     -0.6472      1.3944     -0.5996
     32.0241    104.1127     23.1818      4.6765      5.0435     -0.3286     -0.0620      0.3344    199.4693     32.7350    169.3174     -0.5484      0.9929     -0.4443
     32.0513    104.0762     25.9091      4.6763      5.0438     -0.2654     -0.0396      0.2683    199.4833     32.7324    171.5208     -0.4316      0.6264     -0.3218
     32.0785    104.0398     28.6364      4.6762      5.0442     -0.1575     -0.0230      0.1592    199.4972     32.7298    171.6950     -0.2432      0.4252     -0.2138
     31.7665    104.3812      1.3636      5.0863      5.2699     -4.3601     -5.8909      7.3290    211.4648     31.1661    126.5069     -9.0930     -4.7067      3.8779
     31.7938    104.3449      4.0909      5.0859      5.2700     -2.4929     -5.6301      6.1574    211.4765     31.1652    113.8830     -1.4501     -4.8679      0.7651
     31.8211    104.3086      6.8182      5.0854      5.2702     -1.2004     -4.5031      4.6603    211.4881     31.1642    104.9261      0.9842     -2.5719     -0.3194
     31.8484    104.2723      9.5455      5.0850      5.2703     -0.5749     -3.1556      3.2075    211.4998     31.1633    100.3254      1.2576     -0.4836     -0.6541
     31.8757    104.2360     12.2727      5.0846      5.2704     -0.3573     -1.9092      1.9423    211.5115     31.1624    100.6008      0.8114      1.1154     -0.6497
     31.9030    104.1996     15.0000      5.0842      5.2706     -0.3290     -0.9422      0.9980    211.5232     31.1615    109.2486      0.3088      2.0571     -0.5404
     31.9302    104.1633     17.7273      5.0838      5.2707     -0.3573     -0.3370      0.4912    211.5348     31.1606    136.6720     -0.0468      2.2628     -0.4061
     31.9575    104.1269     20.4545      5.0834      5.2709     -0.3720     -0.0557      0.3761    211.5465     31.1597    171.4832     -0.2285      1.9016     -0.3014
     31.9847    104.0905     23.1818      5.0830      5.2710     -0.3486      0.0000      0.3486    211.5582     31.1587    180.0000     -0.2948      1.1988     -0.2162
     32.0120    104.0540     25.9091      5.0826      5.2711     -0.2847      0.0000      0.2847    211.5699     31.1578    180.0000     -0.2795      0.7342     -0.1501
     32.0392    104.0176     28.6364      5.0822      5.2713     -0.1733      0.0000      0.1733    211.5816     31.1569    180.0000     -0.1397      0.5038     -0.1014
     31.7318    104.3482      1.3636      4.9250      5.3149     -3.1667     -3.4720      4.6992    226.8564     30.8731    132.3671     -2.5710     -1.2080      1.1889
     31.7591    104.3119      4.0909      4.9242      5.3148     -2.2772     -3.5467      4.2149    226.8671     30.8735    122.7029     -0.0415     -1.4871      0.7041
     31.7864    104.2756      6.8182      4.9235      5.3148     -1.2656     -3.1500      3.3947    226.8778     30.8740    111.8887      1.9275     -1.1245      0.1038
     31.8137    104.2393      9.5455      4.9227      5.3147     -0.6691     -2.3927      2.4845    226.8886     30.8744    105.6238      2.2807     -0.2270     -0.2049
     31.8410    104.2030     12.2727      4.9219      5.3146     -0.4207     -1.5102      1.5677    226.8993     30.8748    105.5654      1.7810      0.9394     -0.2782
     31.8683    104.1666     15.0000      4.9212      5.3145     -0.3454     -0.7381      0.8149    226.9100     30.8753    115.0756      1.1617      1.8268     -0.2380
     31.8956    104.1302     17.7273      4.9204      5.3145     -0.3431     -0.2250      0.4103    226.9208     30.8757    146.7424      0.6271      2.1084     -0.1598
     31.9228    104.0938     20.4545      4.9196      5.3144     -0.3470      0.0000      0.3470    226.9315     30.8762    180.0000      0.2551      1.7557     -0.0845
     31.9501    104.0574     23.1818      4.9188      5.3143     -0.3275      0.0000      0.3275    226.9423     30.8766    180.0000      0.0200      0.8652     -0.0342
     31.9773    104.0210     25.9091      4.9181      5.3143     -0.2636      0.0000      0.2636    226.9530     30.8771    180.0000     -0.0409      0.5403     -0.0062
     32.0045    103.9845     28.6364      4.9173      5.3142     -0.1549      0.0000      0.1549    226.9638     30.8775    180.0000      0.0454      0.3961     -0.0023
     31.7018    104.3115      1.3636      4.7065      5.3234     -1.4875     -2.8206      3.1888    225.4287     30.8184    117.8051     -0.1766     -0.0267      1.2803
     31.7291    104.2752      4.0909      4.7058      5.3233     -1.0999     -2.8462      3.0514    225.4394     30.8188    111.1283      0.8465     -0.7319     -0.3338
     31.7564    104.2389      6.8182      4.7051      5.3233     -0.6184     -2.5198      2.5946    225.4501     30.8191    103.7896      1.5489     -0.2981     -0.4767
     31.7837    104.2026      9.5455      4.7044      5.3232     -0.3260     -2.0012      2.0276    225.4608     30.8194     99.2524      1.7032      0.0896     -0.5055
     31.8110    104.1663     12.2727      4.7037      5.3232     -0.2344     -1.3697      1.3897    225.4715     30.8197     99.7088      1.3907      0.7154     -0.4768
     31.8383    104.1299     15.0000      4.7030      5.3231     -0.2493     -0.7693      0.8087    225.4823     30.8200    107.9585      0.9539      1.3236     -0.4247
     31.8656    104.0935     17.7273      4.7023      5.3231     -0.2992     -0.3354      0.4495    225.4930     30.8204    131.7403      0.5272      1.5560     -0.3605
     31.8928    104.0571     20.4545      4.7016      5.3230     -0.3257     -0.1094      0.3436    225.5037     30.8207    161.4254      0.2163      1.3588     -0.2938
     31.9201    104.0207     23.1818      4.7009      5.3230     -0.2966     -0.0421      0.2996    225.5144     30.8210    171.9191      0.0938      0.9110     -0.2212
     31.9473    103.9843     25.9091      4.7002      5.3229     -0.2228     -0.0276      0.2245    225.5251     30.8213    172.9348      0.0942      0.5804     -0.1529
     31.9745    103.9478     28.6364      4.6995      5.3229     -0.1222     -0.0136      0.1230    225.5359     30.8217    173.6725      0.1569      0.4394     -0.0952
     31.6784    104.2704      1.3636      4.8184      4.9636     -1.0183     -2.1949      2.4196    246.7345     33.3298    114.8884      2.1964     -1.2380      0.8760
     31.7057    104.2341      4.0909      4.8172      4.9632     -0.8013     -2.1977      2.3393    246.7475     33.3326    110.0326      3.1042     -1.2636      0.5191
     31.7330    104.1978      6.8182      4.8160      4.9628     -0.6433     -1.9592      2.0621    246.7604     33.3354    108.1779      2.8616     -0.6079      0.2966
     31.7603    104.1615      9.5455      4.8148      4.9625     -0.5284     -1.6227      1.7065    246.7734     33.3382    108.0385      2.4147     -0.4226      0.1155
     31.7876    104.1252     12.2727      4.8136      4.9621     -0.4510     -1.1743      1.2579    246.7864     33.3410    111.0097      1.9762     -0.0419      0.0396
     31.8149    104.0888     15.0000      4.8124      4.9617     -0.4130     -0.6941      0.8076    246.7994     33.3438    120.7518      1.4987      0.5028      0.0414
     31.8421    104.0524     17.7273      4.8113      4.9614     -0.3946     -0.3032      0.4976    246.8124     33.3467    142.4587      1.0108      0.8894      0.0758
     31.8694    104.0160     20.4545      4.8101      4.9610     -0.3549     -0.0674      0.3613    246.8254     33.3495    169.2516      0.6629      0.9756      0.1028
     31.8966    103.9796     23.1818      4.8089      4.9606     -0.2769      0.0000      0.2769    246.8385     33.3523    180.0000      0.5104      0.6540      0.1122
     31.9239    103.9432     25.9091      4.8077      4.9602     -0.1822      0.0000      0.1822    246.8515     33.3551    180.0000      0.4518      0.3625      0.1007
     31.9511    103.9067     28.6364      4.8065      4.9599     -0.0895      0.0000      0.0895    246.8645     33.3580    180.0000      0.4129      0.2813      0.0742
     31.6627    104.2220      1.3636      4.9887      4.8151     -0.6082     -2.2445      2.3254    251.5706     34.5000    105.1624      2.9472     -1.4587      1.0407
     31.6900    104.1857      4.0909      4.9873      4.8146     -0.5983     -2.1743      2.2551    251.5846     34.5037    105.3864      2.9935     -1.3349      0.5337
     31.7173    104.1494      6.8182      4.9860      4.8141     -0.6287     -1.8793      1.9817    251.5987     34.5075    108.4967      2.4976     -0.7957      0.3297
     31.7446    104.1131      9.5455      4.9847      4.8137     -0.6388     -1.5182      1.6471    251.6127     34.5113    112.8200      1.9597     -0.5734      0.1835
     31.7719    104.0768     12.2727      4.9834      4.8132     -0.6168     -1.0777      1.2418    251.6268     34.5151    119.7819      1.5426     -0.1945      0.1148
     31.7992    104.0404     15.0000      4.9821      4.8127     -0.5856     -0.6244      0.8561    251.6408     34.5189    133.1610      1.0891      0.2972      0.1049
     31.8265    104.0040     17.7273      4.9807      4.8123     -0.5240     -0.2617      0.5858    251.6549     34.5227    153.4595      0.7184      0.6621      0.1168
     31.8537    103.9677     20.4545      4.9794      4.8118     -0.4154     -0.0576      0.4194    251.6689     34.5265    172.1034      0.5480      0.7223      0.1278
     31.8810    103.9312     23.1818      4.9781      4.8113     -0.2822      0.0000      0.2822    251.6830     34.5304    180.0000      0.5206      0.4914      0.1181
     31.9082    103.8948     25.9091      4.9768      4.8109     -0.1651      0.0000      0.1651    251.6971     34.5342    180.0000      0.4974      0.2842      0.1014
     31.9354    103.8583     28.6364      4.9755      4.8104     -0.0737      0.0000      0.0737    251.7112     34.5380    180.0000      0.4437      0.2186      0.0797
     31.6485    104.1720      1.3636      4.9894      4.8151     -0.8153     -2.6908      2.8116    251.5732     34.4995    106.8577      2.1677     -2.8021      1.1946
     31.6758    104.1357      4.0909      4.9880      4.8146     -0.9144     -2.3390      2.5114    251.5872     34.5033    111.3523      1.5811     -1.4799      1.0844
     31.7031    104.0994      6.8182      4.9867      4.8142     -0.9750     -1.9495      2.1797    251.6013     34.5071    116.5713      1.2630     -0.9733      0.7857
     31.7304    104.0631      9.5455      4.9854      4.8137     -0.9809     -1.5050      1.7965    251.6153     34.5109    123.0941      0.9580     -0.6313      0.5790
     31.7577    104.0268     12.2727      4.9841      4.8132     -0.9492     -1.0036      1.3814    251.6294     34.5147    133.4016      0.5627     -0.1026      0.4663
     31.7850    103.9904     15.0000      4.9828      4.8128     -0.8578     -0.5217      1.0040    251.6434     34.5185    148.6905      0.2401      0.4934      0.4099
     31.8123    103.9540     17.7273      4.9814      4.8123     -0.6929     -0.1716      0.7138    251.6575     34.5223    166.0895      0.1603      0.8304      0.3614
     31.8395    103.9177     20.4545      4.9801      4.8119     -0.4883     -0.0086      0.4884    251.6715     34.5261    178.9922      0.2807      0.7447      0.3010
     31.8668    103.8812     23.1818      4.9788      4.8114     -0.3061      0.0000      0.3061    251.6856     34.5299    180.0000      0.3916      0.2713      0.2346
     31.8940    103.8448     25.9091      4.9775      4.8109     -0.1764      0.0000      0.1764    251.6997     34.5338    180.0000      0.3995      0.1349      0.1737
     31.9212    103.8083     28.6364      4.9762      4.8105     -0.0811      0.0000      0.0811    251.7138     34.5376    180.0000      0.3604      0.1173      0.1188
     31.6277    104.1281      1.3636      4.7008      5.2949     -0.4928     -3.5822      3.6159    229.6367     31.0028     97.8327      1.6691     -3.3351      1.7088
     31.6550    104.0918      4.0909      4.7000      5.2948     -0.7388     -3.1768      3.2616    229.6474     31.0035    103.0919      0.3500     -2.3815      1.4251
     31.6823    104.0555      6.8182      4.6992      5.2946     -0.9017     -2.6489      2.7982    229.6582     31.0041    108.7990     -0.0109     -1.6397      0.7327
     31.7096    104.0192      9.5455      4.6984      5.2945     -0.9949     -2.1092      2.3321    229.6690     31.0048    115.2524     -0.2566     -1.3236      0.2361
     31.7369    103.9829     12.2727      4.6976      5.2944     -1.0399     -1.5071      1.8310    229.6798     31.0055    124.6054     -0.6713     -0.7717     -0.0528
     31.7642    103.9465     15.0000      4.6968      5.2943     -0.9746     -0.8775      1.3114    229.6906     31.0062    138.0029     -0.8621      0.1485     -0.1793
     31.7915    103.9101     17.7273      4.6960      5.2942     -0.7893     -0.3762      0.8744    229.7014     31.0069    154.5171     -0.6577      0.8531     -0.1996
     31.8187    103.8737     20.4545      4.6952      5.2941     -0.5619     -0.0930      0.5695    229.7123     31.0076    170.6023     -0.3094      1.0307     -0.1701
     31.8460    103.8373     23.1818      4.6945      5.2940     -0.3624      0.0000      0.3624    229.7231     31.0082    180.0000     -0.0283      0.7752     -0.1165
     31.8732    103.8009     25.9091      4.6937      5.2939     -0.2230      0.0000      0.2230    229.7339     31.0089    180.0000      0.0721      0.4105     -0.0719
     31.9004    103.7644     28.6364      4.6929      5.2938     -0.1116      0.0000      0.1116    229.7447     31.0096    180.0000      0.1256      0.2699     -0.0413
     31.5966    104.0928      1.3636      4.9701      5.3301     -0.4603     -4.1243      4.1499    218.7036     30.7751     96.3681      1.0994     -3.5313      1.9395
     31.6239    104.0565      4.0909      4.9695      5.3302     -0.7707     -3.7364      3.8151    218.7145     30.7749    101.6553     -0.2246     -3.0080      1.2976
     31.6512    104.0202      6.8182      4.9690      5.3302     -1.0279     -3.1511      3.3145    218.7254     30.7746    108.0670     -0.9092     -2.2261      0.4055
     31.6785    103.9839      9.5455      4.9684      5.3303     -1.1505     -2.5709      2.8166    218.7363     30.7744    114.1091     -1.2039     -2.0358     -0.1440
     31.7058    103.9476     12.2727      4.9678      5.3303     -1.1591     -1.9211      2.2437    218.7472     30.7742    121.1045     -1.4075     -1.5748     -0.3917
     31.7331    103.9112     15.0000      4.9673      5.3303     -1.0462     -1.1779      1.5754    218.7582     30.7739    131.6116     -1.3625     -0.3703     -0.4397
     31.7603    103.8748     17.7273      4.9667      5.3304     -0.8389     -0.5412      0.9983    218.7691     30.7737    147.1739     -1.0246      0.7082     -0.3825
     31.7876    103.8384     20.4545      4.9661      5.3304     -0.6143     -0.1458      0.6314    218.7800     30.7735    166.6465     -0.6366      1.1701     -0.3029
     31.8148    103.8020     23.1818      4.9656      5.3304     -0.4237      0.0000      0.4237    218.7909     30.7732    180.0000     -0.3510      0.9942     -0.2181
     31.8421    103.7656     25.9091      4.9650      5.3305     -0.2766      0.0000      0.2766    218.8018     30.7730    180.0000     -0.1914      0.5182     -0.1503
     31.8693    103.7291     28.6364      4.9644      5.3305     -0.1457      0.0000      0.1457    218.8127     30.7728    180.0000     -0.0508      0.3409     -0.0988
     31.5610    104.0607      1.3636      5.0145      5.3199     -0.8291     -4.3942      4.4717    216.3651     30.8409    100.6855      0.0615     -4.0811      2.3599
     31.5883    104.0244      4.0909      5.0140      5.3200     -1.1040     -4.0013      4.1508    216.3761     30.8405    105.4244     -0.8681     -3.6887      1.0237
     31.6156    103.9881      6.8182      5.0135      5.3200     -1.3625     -3.3548      3.6209    216.3872     30.8400    112.1043     -1.7767     -2.8059      0.0467
     31.6429    103.9518      9.5455      5.0130      5.3201     -1.4410     -2.7203      3.0784    216.3983     30.8396    117.9119     -2.1403     -2.4503     -0.3752
     31.6702    103.9155     12.2727      5.0125      5.3202     -1.2992     -2.0561      2.4322    216.4094     30.8391    122.2887     -1.7969     -1.9687     -0.4992
     31.6975    103.8791     15.0000      5.0119      5.3202     -1.0456     -1.2925      1.6625    216.4204     30.8387    128.9699     -1.2228     -0.6865     -0.4705
     31.7247    103.8427     17.7273      5.0114      5.3203     -0.7938     -0.6122      1.0025    216.4315     30.8383    142.3594     -0.7870      0.5656     -0.3783
     31.7520    103.8063     20.4545      5.0109      5.3204     -0.5797     -0.1680      0.6035    216.4426     30.8378    163.8348     -0.4913      1.1952     -0.2854
     31.7792    103.7699     23.1818      5.0104      5.3204     -0.4197      0.0000      0.4197    216.4537     30.8374    180.0000     -0.3488      1.0570     -0.2052
     31.8065    103.7335     25.9091      5.0099      5.3205     -0.2869      0.0000      0.2869    216.4648     30.8370    180.0000     -0.2412      0.5427     -0.1436
     31.8337    103.6970     28.6364      5.0094      5.3206     -0.1560      0.0000      0.1560    216.4759     30.8366    180.0000     -0.0895      0.3674     -0.0985
     31.5242    104.0291      1.3636      5.1191      5.3194     -1.2678     -4.2053      4.3923    216.1393     30.8440    106.7772     -1.2842     -4.0424      2.3485
     31.5515    103.9928      4.0909      5.1186      5.3195     -1.3244     -3.8440      4.0657    216.1504     30.8435    109.0102     -0.9907     -4.3633      0.0173
     31.5788    103.9565      6.8182      5.1181      5.3196     -1.4363     -3.1338      3.4473    216.1614     30.8430    114.6233     -1.7809     -3.1894     -0.6418
     31.6061    103.9202      9.5455      5.1176      5.3196     -1.4475     -2.4476      2.8436    216.1725     30.8426    120.6011     -2.2065     -2.2774     -0.7123
     31.6334    103.8839     12.2727      5.1170      5.3197     -1.2209     -1.8263      2.1968    216.1836     30.8421    123.7634     -1.6299     -1.6506     -0.6398
     31.6607    103.8475     15.0000      5.1165      5.3198     -0.8890     -1.1750      1.4734    216.1947     30.8417    127.1100     -0.7278     -0.6250     -0.5222
     31.6880    103.8111     17.7273      5.1160      5.3198     -0.6240     -0.5804      0.8522    216.2058     30.8412    137.0730     -0.2270      0.4614     -0.3967
     31.7152    103.7747     20.4545      5.1155      5.3199     -0.4485     -0.1748      0.4814    216.2169     30.8408    158.7019     -0.0877      1.0705     -0.2877
     31.7425    103.7383     23.1818      5.1150      5.3200     -0.3335     -0.0037      0.3335    216.2280     30.8403    179.3648     -0.1112      1.0386     -0.2075
     31.7697    103.7019     25.9091      5.1145      5.3200     -0.2373      0.0000      0.2373    216.2391     30.8399    180.0000     -0.1193      0.5677     -0.1452
     31.7969    103.6654     28.6364      5.1140      5.3201     -0.1326      0.0000      0.1326    216.2502     30.8394    180.0000     -0.0284      0.3974     -0.1003
     31.4893    103.9974      1.3636      4.7058      5.3352     -1.5725     -3.2449      3.6058    219.5288     30.7430    115.8547     -0.2343     -2.5027     -0.2987
     31.5166    103.9611      4.0909      4.7052      5.3352     -1.1376     -2.7168      2.9454    219.5397     30.7428    112.7195      1.2375     -1.9364     -1.3286
     31.5439    103.9248      6.8182      4.7047      5.3352     -0.9823     -1.9829      2.2129    219.5505     30.7427    116.3521      0.9771     -0.2982     -1.1397
     31.5712    103.8885      9.5455      4.7041      5.3352     -0.9256     -1.4280      1.7017    219.5613     30.7425    122.9509      0.3231      0.3233     -0.8614
     31.5985    103.8522     12.2727      4.7036      5.3353     -0.7575     -1.0320      1.2801    219.5722     30.7423    126.2783      0.3071      0.3758     -0.6399
     31.6258    103.8158     15.0000      4.7030      5.3353     -0.5265     -0.6674      0.8501    219.5830     30.7422    128.2689      0.6260      0.5575     -0.4768
     31.6530    103.7794     17.7273      4.7025      5.3353     -0.3450     -0.3316      0.4785    219.5938     30.7420    136.1377      0.7505      0.8880     -0.3473
     31.6803    103.7430     20.4545      4.7019      5.3353     -0.2415     -0.0964      0.2600    219.6047     30.7419    158.2384      0.5938      1.0539     -0.2559
     31.7076    103.7066     23.1818      4.7014      5.3354     -0.1783      0.0000      0.1783    219.6155     30.7417    180.0000      0.3825      0.8844     -0.1847
     31.7348    103.6702     25.9091      4.7008      5.3354     -0.1296      0.0000      0.1296    219.6263     30.7416    180.0000      0.2199      0.5239     -0.1299
     31.7620    103.6337     28.6364      4.7003      5.3354     -0.0739      0.0000      0.0739    219.6372     30.7414    180.0000      0.1673      0.3909     -0.0899
          
     31.4535    103.9639      1.2500      4.9751      5.4361     -2.0667     -3.6602      4.2033    214.9079     27.3797    119.4505     -0.2804     -2.8622      1.2077
     31.4786    103.9224      3.7500      4.9746      5.4362     -1.5858     -2.9786      3.3744    214.9225     27.3796    118.0311     -0.2237     -2.0219      0.0403
     31.5036    103.8808      6.2500      4.9742      5.4362     -1.1481     -2.1132      2.4049    214.9371     27.3796    118.5156      0.3360     -0.3287     -0.6151
     31.5287    103.8392      8.7500      4.9738      5.4362     -0.7889     -1.4291      1.6324    214.9517     27.3796    118.9005      0.7017      0.5046     -0.7601
     31.5537    103.7976     11.2500      4.9733      5.4362     -0.5492     -0.9708      1.1153    214.9663     27.3795    119.4972      0.7979      0.6867     -0.7166
     31.5787    103.7559     13.7500      4.9729      5.4362     -0.4394     -0.6480      0.7829    214.9809     27.3795    124.1410      0.5727      0.6412     -0.6077
     31.6037    103.7143     16.2500      4.9725      5.4362     -0.4059     -0.3847      0.5592    214.9956     27.3795    136.5376      0.2238      0.6721     -0.4877
     31.6287    103.6726     18.7500      4.9721      5.4362     -0.3784     -0.1774      0.4179    215.0102     27.3794    154.8763     -0.0363      0.7416     -0.3715
     31.6537    103.6309     21.2500      4.9716      5.4362     -0.3165     -0.0545      0.3212    215.0248     27.3794    170.2341     -0.1055      0.6995     -0.2682
     31.6786    103.5891     23.7500      4.9712      5.4362     -0.2313     -0.0107      0.2315    215.0394     27.3794    177.3628     -0.0672      0.5337     -0.1844
     31.7036    103.5474     26.2500      4.9708      5.4362     -0.1433      0.0000      0.1433    215.0541     27.3793    180.0000      0.0005      0.3881     -0.1207
     31.7285    103.5056     28.7500      4.9703      5.4362     -0.0709      0.0000      0.0709    215.0687     27.3793    180.0000      0.0469      0.2808     -0.0746
     31.4193    103.9326      1.2500      4.6846      5.4128     -3.0944     -4.0604      5.1051    221.4230     27.5079    127.3110     -1.0265     -3.8793      1.5137
     31.4444    103.8910      3.7500      4.6840      5.4127     -2.7625     -3.5797      4.5217    221.4372     27.5085    127.6572     -1.9516     -3.3961      1.2923
     31.4695    103.8495      6.2500      4.6835      5.4125     -2.1534     -2.7923      3.5262    221.4514     27.5092    127.6385     -1.1501     -2.0246      0.4820
     31.4945    103.8079      8.7500      4.6830      5.4124     -1.5482     -2.0145      2.5407    221.4655     27.5098    127.5436     -0.2446     -0.8051      0.1023
     31.5195    103.7662     11.2500      4.6824      5.4123     -1.1279     -1.4176      1.8116    221.4797     27.5104    128.5065      0.1278     -0.2422     -0.0838
     31.5445    103.7246     13.7500      4.6819      5.4122     -0.9041     -0.9398      1.3041    221.4939     27.5111    133.8921      0.0170      0.1011     -0.1526
     31.5695    103.6829     16.2500      4.6813      5.4121     -0.8051     -0.5173      0.9570    221.5081     27.5117    147.2801     -0.3679      0.5386     -0.1556
     31.5945    103.6412     18.7500      4.6808      5.4120     -0.7038     -0.1850      0.7277    221.5223     27.5123    165.2759     -0.5709      0.9290     -0.1284
     31.6195    103.5995     21.2500      4.6802      5.4118     -0.5540     -0.0104      0.5541    221.5365     27.5130    178.9254     -0.4845      0.9675     -0.0939
     31.6445    103.5578     23.7500      4.6797      5.4117     -0.3863      0.0000      0.3863    221.5507     27.5136    180.0000     -0.2939      0.5105     -0.0684
     31.6694    103.5160     26.2500      4.6792      5.4116     -0.2349      0.0000      0.2349    221.5649     27.5142    180.0000     -0.1202      0.3411     -0.0487
     31.6943    103.4743     28.7500      4.6786      5.4115     -0.1119      0.0000      0.1119    221.5791     27.5149    180.0000      0.0175      0.2730     -0.0367
     31.3866    103.9001      1.2500      4.8643      5.4286     -3.4639     -4.4171      5.6133    219.1257     27.4207    128.1039     -1.0988     -3.4994      1.7748
     31.4116    103.8586      3.7500      4.8638      5.4286     -3.2927     -4.0037      5.1838    219.1400     27.4211    129.4346     -2.6361     -3.4404      1.0901
     31.4367    103.8170      6.2500      4.8633      5.4285     -2.6756     -3.2365      4.1993    219.1543     27.4215    129.5802     -1.9463     -2.2406      0.3651
     31.4617    103.7754      8.7500      4.8627      5.4284     -2.0127     -2.4431      3.1654    219.1685     27.4219    129.4829     -0.9766     -1.1497      0.0193
     31.4868    103.7338     11.2500      4.8622      5.4284     -1.5028     -1.7686      2.3208    219.1828     27.4223    130.3543     -0.4142     -0.5401     -0.1586
     31.5118    103.6921     13.7500      4.8617      5.4283     -1.2259     -1.1935      1.7110    219.1971     27.4227    135.7674     -0.5146     -0.1059     -0.2287
     31.5368    103.6505     16.2500      4.8612      5.4282     -1.0695     -0.6657      1.2598    219.2114     27.4231    148.0980     -0.8550      0.5022     -0.2326
     31.5618    103.6088     18.7500      4.8607      5.4281     -0.9029     -0.2466      0.9360    219.2257     27.4235    164.7255     -0.9607      1.0528     -0.2021
     31.5867    103.5671     21.2500      4.8602      5.4281     -0.6927     -0.0292      0.6933    219.2399     27.4239    177.5875     -0.7828      1.1274     -0.1577
     31.6117    103.5253     23.7500      4.8597      5.4280     -0.4670      0.0000      0.4670    219.2542     27.4243    180.0000     -0.4695      0.6854     -0.1155
     31.6366    103.4836     26.2500      4.8592      5.4279     -0.2765      0.0000      0.2765    219.2685     27.4247    180.0000     -0.2185      0.4594     -0.0826
     31.6616    103.4418     28.7500      4.8587      5.4278     -0.1258      0.0000      0.1258    219.2828     27.4251    180.0000     -0.0188      0.3557     -0.0575
     31.3524    103.8686      1.2500      4.8140      5.4364     -3.7947     -4.4193      5.8249    217.4063     27.3785    130.6518     -1.8516     -2.8977      1.5474
     31.3775    103.8270      3.7500      4.8136      5.4363     -3.5258     -4.0529      5.3719    217.4206     27.3787    131.0218     -2.5073     -2.7077      0.6785
     31.4025    103.7854      6.2500      4.8131      5.4363     -2.9774     -3.3654      4.4934    217.4350     27.3789    131.4996     -2.1229     -1.6376      0.0683
     31.4276    103.7438      8.7500      4.8126      5.4362     -2.3522     -2.6051      3.5099    217.4494     27.3791    132.0800     -1.4210     -0.6803     -0.2005
     31.4526    103.7022     11.2500      4.8122      5.4362     -1.8144     -1.9344      2.6521    217.4638     27.3793    133.1662     -0.8564     -0.2278     -0.3336
     31.4776    103.6606     13.7500      4.8117      5.4362     -1.4744     -1.3382      1.9911    217.4781     27.3796    137.7727     -0.8924      0.0588     -0.3770
     31.5026    103.6189     16.2500      4.8112      5.4361     -1.2158     -0.7559      1.4316    217.4925     27.3798    148.1299     -0.9958      0.6954     -0.3563
     31.5276    103.5772     18.7500      4.8108      5.4361     -0.9602     -0.2882      1.0025    217.5069     27.3800    163.2939     -0.9029      1.2773     -0.2930
     31.5526    103.5355     21.2500      4.8103      5.4360     -0.7020     -0.0416      0.7033    217.5213     27.3803    176.6085     -0.6788      1.3404     -0.2249
     31.5775    103.4938     23.7500      4.8098      5.4360     -0.4561      0.0000      0.4561    217.5357     27.3805    180.0000     -0.3813      0.8647     -0.1605
     31.6025    103.4520     26.2500      4.8094      5.4360     -0.2542      0.0000      0.2542    217.5501     27.3807    180.0000     -0.1279      0.5750     -0.1121
     31.6274    103.4102     28.7500      4.8089      5.4359     -0.1096      0.0000      0.1096    217.5645     27.3810    180.0000      0.0330      0.4363     -0.0747
     31.3183    103.8376      1.2500      4.7928      5.4348     -4.0713     -4.1733      5.8303    218.1845     27.3870    134.2913     -2.6343     -1.7254      1.3962
     31.3433    103.7960      3.7500      4.7924      5.4348     -3.6387     -3.9240      5.3514    218.1988     27.3873    132.8401     -2.0406     -1.8572      0.1124
     31.3684    103.7544      6.2500      4.7919      5.4347     -3.1826     -3.3539      4.6236    218.2131     27.3876    133.4992     -2.1400     -1.0404     -0.3193
     31.3934    103.7129      8.7500      4.7914      5.4346     -2.6456     -2.6552      3.7482    218.2274     27.3879    134.8962     -1.8457     -0.1611     -0.4586
     31.4184    103.6712     11.2500      4.7909      5.4346     -2.1294     -2.0077      2.9266    218.2418     27.3882    136.6838     -1.4911      0.1809     -0.5469
     31.4435    103.6296     13.7500      4.7904      5.4345     -1.6758     -1.4073      2.1883    218.2561     27.3885    139.9768     -1.1799      0.3706     -0.5344
     31.4685    103.5879     16.2500      4.7900      5.4345     -1.2765     -0.8019      1.5075    218.2704     27.3888    147.8629     -0.8794      0.9856     -0.4642
     31.4934    103.5462     18.7500      4.7895      5.4344     -0.9262     -0.3131      0.9776    218.2847     27.3891    161.3242     -0.5945      1.5304     -0.3635
     31.5184    103.5045     21.2500      4.7890      5.4344     -0.6210     -0.0500      0.6230    218.2990     27.3894    175.3997     -0.3206      1.5445     -0.2657
     31.5434    103.4628     23.7500      4.7885      5.4343     -0.3746      0.0000      0.3746    218.3134     27.3897    180.0000     -0.0994      1.0237     -0.1854
     31.5683    103.4210     26.2500      4.7880      5.4342     -0.1902      0.0000      0.1902    218.3277     27.3900    180.0000      0.0729      0.6753     -0.1246
     31.5933    103.3793     28.7500      4.7875      5.4342     -0.0742      0.0000      0.0742    218.3420     27.3904    180.0000      0.1386      0.5019     -0.0819
     31.2851    103.8026      1.2500      5.1576      5.3712     -4.1542     -3.6831      5.5518    225.6406     27.7392    138.4401     -1.1307     -1.0336      0.4307
     31.3102    103.7610      3.7500      5.1570      5.3710     -3.8213     -3.5616      5.2237    225.6547     27.7403    137.0152     -1.3895     -0.9183      0.3674
     31.3352    103.7195      6.2500      5.1563      5.3708     -3.4528     -3.0798      4.6268    225.6687     27.7414    138.2678     -1.8392     -0.0380      0.2198
     31.3602    103.6779      8.7500      5.1556      5.3706     -2.9972     -2.4452      3.8681    225.6828     27.7424    140.7906     -1.9490      0.8055      0.0376
     31.3853    103.6362     11.2500      5.1549      5.3704     -2.4633     -1.8460      3.0783    225.6969     27.7435    143.1529     -1.6818      1.0310     -0.1201
     31.4103    103.5946     13.7500      5.1542      5.3702     -1.8731     -1.2802      2.2688    225.7110     27.7446    145.6488     -1.0878      1.0996     -0.1962
     31.4353    103.5529     16.2500      5.1535      5.3700     -1.3085     -0.7179      1.4925    225.7250     27.7456    151.2475     -0.4424      1.4995     -0.2122
     31.4603    103.5112     18.7500      5.1528      5.3698     -0.8521     -0.2751      0.8954    225.7391     27.7467    162.1098     -0.0549      1.8125     -0.1862
     31.4852    103.4695     21.2500      5.1521      5.3696     -0.5049     -0.0387      0.5063    225.7532     27.7478    175.6119      0.1701      1.6992     -0.1482
     31.5102    103.4278     23.7500      5.1514      5.3694     -0.2636      0.0000      0.2636    225.7673     27.7489    180.0000      0.2865      1.0825     -0.1147
     31.5352    103.3860     26.2500      5.1507      5.3693     -0.1138      0.0000      0.1138    225.7814     27.7500    180.0000      0.3222      0.7062     -0.0880
     31.5601    103.3443     28.7500      5.1500      5.3691     -0.0339      0.0000      0.0339    225.7955     27.7510    180.0000      0.2881      0.5206     -0.0654
     31.2546    103.7658      1.2500      4.5812      5.3642     -3.5473     -4.7653      5.9407    226.2030     27.7786    126.6642      3.1891     -3.4756      1.1649
     31.2797    103.7243      3.7500      4.5806      5.3640     -3.6465     -4.4919      5.7857    226.2171     27.7797    129.0695     -1.0557     -2.4743      1.6355
     31.3047    103.6827      6.2500      4.5800      5.3638     -3.3874     -3.8803      5.1508    226.2311     27.7808    131.1197     -1.5186     -1.3073      1.0004
     31.3298    103.6411      8.7500      4.5793      5.3636     -2.9970     -3.1220      4.3277    226.2452     27.7820    133.8292     -1.6289     -0.3414      0.5091
     31.3548    103.5995     11.2500      4.5787      5.3634     -2.4920     -2.3799      3.4459    226.2593     27.7831    136.3179     -1.5116      0.1198      0.1927
     31.3798    103.5578     13.7500      4.5781      5.3632     -1.8649     -1.6603      2.4969    226.2733     27.7842    138.3212     -0.9243      0.5572     -0.0162
     31.4048    103.5161     16.2500      4.5775      5.3630     -1.2506     -1.0125      1.6091    226.2874     27.7853    141.0045     -0.2819      1.0329     -0.1197
     31.4298    103.4745     18.7500      4.5768      5.3628     -0.7483     -0.5055      0.9031    226.3015     27.7865    145.9593      0.1663      1.3982     -0.1658
     31.4548    103.4327     21.2500      4.5762      5.3626     -0.3929     -0.1920      0.4373    226.3156     27.7876    153.9596      0.3668      1.4488     -0.1782
     31.4797    103.3910     23.7500      4.5756      5.3624     -0.1718     -0.0512      0.1793    226.3297     27.7888    163.3952      0.4234      1.2082     -0.1573
     31.5047    103.3493     26.2500      4.5749      5.3622     -0.0572     -0.0027      0.0573    226.3437     27.7899    177.3120      0.3825      0.9077     -0.1254
     31.5296    103.3075     28.7500      4.5743      5.3620     -0.0107      0.0000      0.0107    226.3578     27.7910    180.0000      0.2892      0.6025     -0.0909
     31.2203    103.7373      1.2500      4.9377      5.3797     -2.1896     -6.9078      7.2465    205.3432     27.6913    107.5875      0.8716     -3.0954      2.8910
     31.2453    103.6958      3.7500      4.9374      5.3799     -2.0761     -6.6758      6.9912    205.3590     27.6902    107.2755     -1.8986     -3.8264      0.9588
     31.2704    103.6542      6.2500      4.9372      5.3801     -1.9767     -5.9911      6.3088    205.3748     27.6890    108.2598     -2.4701     -3.5867     -0.6461
     31.2954    103.6126      8.7500      4.9370      5.3803     -1.8650     -5.0373      5.3714    205.3906     27.6879    110.3168     -2.7800     -2.9595     -1.2988
     31.3205    103.5710     11.2500      4.9367      5.3805     -1.6166     -3.9190      4.2394    205.4064     27.6868    112.4167     -2.5622     -1.9258     -1.4411
     31.3455    103.5293     13.7500      4.9365      5.3807     -1.2339     -2.8084      3.0675    205.4222     27.6857    113.7184     -1.9069     -0.8439     -1.2950
     31.3705    103.4877     16.2500      4.9363      5.3809     -0.8093     -1.8094      1.9822    205.4381     27.6845    114.0973     -1.0830      0.1954     -1.0340
     31.3955    103.4460     18.7500      4.9360      5.3811     -0.4502     -1.0204      1.1153    205.4539     27.6834    113.8081     -0.4356      0.9498     -0.7729
     31.4204    103.4043     21.2500      4.9358      5.3813     -0.2047     -0.4926      0.5334    205.4697     27.6823    112.5621     -0.0783      1.2686     -0.5364
     31.4454    103.3625     23.7500      4.9356      5.3815     -0.0656     -0.1863      0.1975    205.4855     27.6812    109.4080      0.0595      1.2835     -0.3593
     31.4703    103.3208     26.2500      4.9353      5.3817     -0.0106     -0.0480      0.0491    205.5013     27.6801    102.4307      0.0535      1.0711     -0.2287
     31.4953    103.2790     28.7500      4.9351      5.3819      0.0001     -0.0050      0.0050    205.5171     27.6789     88.6399     -0.0006      0.7748     -0.1435
     31.1827    103.7162      1.2500      4.3330      5.3917     -2.3059     -7.8309      8.1633    206.2200     27.6243    106.4076     -2.8708     -3.6909      4.8483
     31.2078    103.6746      3.7500      4.3327      5.3919     -1.7203     -7.8593      8.0453    206.2356     27.6233    102.3468     -1.0067     -6.3250      1.3714
     31.2328    103.6330      6.2500      4.3325      5.3921     -1.6574     -7.1551      7.3445    206.2512     27.6223    103.0423     -2.0042     -5.7486     -0.1336
     31.2579    103.5914      8.7500      4.3323      5.3923     -1.6002     -5.9737      6.1843    206.2669     27.6212    104.9958     -2.4400     -4.2509     -0.8548
     31.2829    103.5498     11.2500      4.3321      5.3925     -1.4019     -4.6221      4.8300    206.2825     27.6202    106.8730     -2.2115     -2.5429     -1.0736
     31.3079    103.5082     13.7500      4.3319      5.3927     -1.0640     -3.2923      3.4600    206.2982     27.6192    107.9089     -1.5636     -0.9189     -1.0028
     31.3329    103.4665     16.2500      4.3316      5.3928     -0.6740     -2.1472      2.2505    206.3138     27.6182    107.4279     -0.7876      0.3043     -0.8061
     31.3579    103.4248     18.7500      4.3314      5.3930     -0.3436     -1.2624      1.3083    206.3295     27.6172    105.2281     -0.2203      1.0735     -0.5832
     31.3829    103.3831     21.2500      4.3312      5.3932     -0.1210     -0.6564      0.6675    206.3452     27.6162    100.4460      0.0753      1.3932     -0.3909
     31.4078    103.3414     23.7500      4.3310      5.3934     -0.0054     -0.2928      0.2928    206.3608     27.6152     91.0566      0.1565      1.3749     -0.2493
     31.4328    103.2996     26.2500      4.3308      5.3936      0.0195     -0.1105      0.1122    206.3765     27.6142     80.0000      0.0457      1.1287     -0.1598
     31.4577    103.2578     28.7500      4.3306      5.3937      0.0062     -0.0351      0.0356    206.3921     27.6132     80.0000     -0.0716      0.8288     -0.1044
     31.1522    103.6865      1.2500      4.7224      5.2619     -3.8385     -7.1766      8.1386    232.0579     28.3665    118.1405      0.3568     -5.5345      2.9053
     31.1772    103.6450      3.7500      4.7216      5.2616     -3.5670     -7.1864      8.0230    232.0721     28.3683    116.3975      0.2178     -6.3657      3.1205
     31.2023    103.6034      6.2500      4.7208      5.2613     -3.3268     -6.4203      7.2310    232.0864     28.3701    117.3921      0.0084     -5.2859      1.7603
     31.2273    103.5618      8.7500      4.7200      5.2610     -2.9230     -5.2059      5.9704    232.1006     28.3719    119.3136     -0.0786     -3.4061      0.9426
     31.2524    103.5202     11.2500      4.7193      5.2607     -2.3737     -3.9094      4.5736    232.1149     28.3737    121.2651      0.0238     -1.6118      0.4631
     31.2774    103.4785     13.7500      4.7185      5.2604     -1.7223     -2.7554      3.2494    232.1291     28.3755    122.0081      0.4068     -0.2732      0.2107
     31.3024    103.4369     16.2500      4.7177      5.2601     -1.0918     -1.8207      2.1230    232.1434     28.3773    120.9502      0.8222      0.6219      0.0620
     31.3274    103.3952     18.7500      4.7169      5.2598     -0.5866     -1.1309      1.2740    232.1576     28.3791    117.4180      1.0534      1.0594     -0.0378
     31.3523    103.3535     21.2500      4.7162      5.2595     -0.2459     -0.6621      0.7063    232.1719     28.3810    110.3767      1.0688      1.1669     -0.0866
     31.3773    103.3117     23.7500      4.7154      5.2592     -0.0603     -0.3605      0.3655    232.1862     28.3828     99.4955      0.9030      1.0962     -0.1078
     31.4022    103.2700     26.2500      4.7146      5.2589      0.0055     -0.1786      0.1787    232.2004     28.3846     88.2465      0.6284      0.9439     -0.0940
     31.4272    103.2282     28.7500      4.7139      5.2586      0.0085     -0.0710      0.0715    232.2147     28.3864     83.1665      0.3619      0.7787     -0.0713
     31.1233    103.6471      1.2500      5.1739      5.3546     -2.4530     -8.1912      8.5506    227.0767     27.8324    106.6715      2.0455     -6.1475      4.5759
     31.1483    103.6055      3.7500      5.1731      5.3544     -2.7924     -7.8085      8.2928    227.0908     27.8336    109.6779     -0.7252     -6.5078      1.8591
     31.1734    103.5639      6.2500      5.1724      5.3542     -2.6837     -6.7545      7.2681    227.1048     27.8348    111.6690     -1.1211     -4.9992      0.2322
     31.1984    103.5223      8.7500      5.1717      5.3540     -2.3503     -5.4202      5.9078    227.1188     27.8360    113.4427     -0.9635     -3.2227     -0.4591
     31.2235    103.4807     11.2500      5.1709      5.3538     -1.8563     -4.0478      4.4532    227.1329     27.8372    114.6353     -0.4981     -1.4271     -0.6594
     31.2485    103.4391     13.7500      5.1702      5.3535     -1.3149     -2.8560      3.1442    227.1469     27.8385    114.7206      0.0099     -0.1141     -0.6158
     31.2735    103.3974     16.2500      5.1695      5.3533     -0.8133     -1.9051      2.0714    227.1609     27.8397    113.1191      0.4396      0.7259     -0.5071
     31.2985    103.3557     18.7500      5.1688      5.3531     -0.4247     -1.2168      1.2888    227.1750     27.8409    109.2386      0.6818      1.0851     -0.3790
     31.3234    103.3140     21.2500      5.1680      5.3529     -0.1691     -0.7486      0.7675    227.1891     27.8422    102.7267      0.7370      1.1242     -0.2674
     31.3484    103.2723     23.7500      5.1673      5.3527     -0.0288     -0.4369      0.4378    227.2031     27.8434     93.7753      0.6665      1.0292     -0.1862
     31.3733    103.2305     26.2500      5.1666      5.3525      0.0226     -0.2401      0.2412    227.2172     27.8446     84.6229      0.5116      0.8559     -0.1260
     31.3983    103.1887     28.7500      5.1659      5.3522      0.0191     -0.1084      0.1101    227.2312     27.8459     80.0000      0.3089      0.7118     -0.0848
     31.0947    103.6095      1.2500      4.3930      5.3066     -2.8063     -7.8818      8.3665    229.9146     28.1063    109.5982     -1.1063     -6.4322      4.1093
     31.1198    103.5680      3.7500      4.3923      5.3064     -2.7797     -7.3232      7.8330    229.9287     28.1078    110.7853     -0.5921     -6.1848      1.7938
     31.1448    103.5264      6.2500      4.3916      5.3061     -2.5888     -6.2134      6.7312    229.9428     28.1094    112.6187     -0.6865     -4.3554      0.3414
     31.1699    103.4848      8.7500      4.3909      5.3058     -2.2080     -4.9417      5.4125    229.9569     28.1109    114.0753     -0.4869     -2.6137     -0.2945
     31.1949    103.4432     11.2500      4.3903      5.3056     -1.7004     -3.7304      4.0996    229.9710     28.1125    114.5047     -0.0298     -1.1810     -0.4766
     31.2199    103.4015     13.7500      4.3896      5.3053     -1.1826     -2.6932      2.9414    229.9852     28.1140    113.7064      0.3848     -0.1366     -0.4756
     31.2449    103.3599     16.2500      4.3889      5.3050     -0.7384     -1.8743      2.0145    229.9993     28.1156    111.5013      0.6463      0.4905     -0.3976
     31.2699    103.3182     18.7500      4.3882      5.3048     -0.4062     -1.2619      1.3257    230.0134     28.1171    107.8453      0.7469      0.7837     -0.3130
     31.2949    103.2765     21.2500      4.3876      5.3045     -0.1894     -0.8270      0.8484    230.0275     28.1187    102.8982      0.7155      0.8297     -0.2334
     31.3198    103.2347     23.7500      4.3869      5.3042     -0.0638     -0.5214      0.5252    230.0417     28.1202     96.9730      0.6191      0.7683     -0.1683
     31.3448    103.1930     26.2500      4.3862      5.3039     -0.0042     -0.3046      0.3047    230.0558     28.1218     90.7942      0.4955      0.6806     -0.1175
     31.3697    103.1512     28.7500      4.3855      5.3037      0.0096     -0.1434      0.1437    230.0700     28.1234     86.1749      0.3499      0.6231     -0.0784
     31.0675    103.5709      1.2500      5.1416      5.2814     -2.8092     -7.1153      7.6498    231.2286     28.2529    111.5448     -1.8618     -5.6614      3.4502
     31.0925    103.5293      3.7500      5.1408      5.2811     -2.6205     -6.5295      7.0357    231.2428     28.2546    111.8670     -0.6136     -5.5510      1.6698
     31.1176    103.4877      6.2500      5.1400      5.2808     -2.3583     -5.5216      6.0041    231.2570     28.2563    113.1278     -0.4177     -3.9532      0.3573
     31.1426    103.4461      8.7500      5.1391      5.2805     -1.9463     -4.4185      4.8281    231.2711     28.2580    113.7733     -0.0844     -2.3627     -0.1867
     31.1677    103.4045     11.2500      5.1383      5.2802     -1.4728     -3.4111      3.7155    231.2853     28.2597    113.3524      0.2726     -1.2070     -0.3882
     31.1927    103.3629     13.7500      5.1375      5.2799     -1.0195     -2.5613      2.7567    231.2995     28.2614    111.7047      0.5819     -0.4552     -0.3949
     31.2177    103.3212     16.2500      5.1367      5.2796     -0.6495     -1.8603      1.9704    231.3136     28.2631    109.2460      0.7462      0.0623     -0.3487
     31.2427    103.2795     18.7500      5.1359      5.2793     -0.3871     -1.3161      1.3719    231.3278     28.2648    106.3887      0.7458      0.3253     -0.2765
     31.2676    103.2378     21.2500      5.1351      5.2790     -0.2142     -0.9021      0.9272    231.3420     28.2665    103.3548      0.6619      0.4371     -0.2051
     31.2926    103.1961     23.7500      5.1342      5.2787     -0.1040     -0.5897      0.5988    231.3562     28.2682    100.0000      0.5592      0.4662     -0.1520
     31.3175    103.1543     26.2500      5.1334      5.2784     -0.0382     -0.3551      0.3571    231.3704     28.2699     96.1340      0.4634      0.4616     -0.1064
     31.3425    103.1125     28.7500      5.1326      5.2781     -0.0066     -0.1679      0.1680    231.3846     28.2717     92.2611      0.3632      0.5011     -0.0734
     31.0384    103.5320      1.2500      4.6967      5.3695     -2.3210     -5.8772      6.3189    226.2192     27.7486    111.5494     -2.8228     -3.4679      2.4788
     31.0634    103.4905      3.7500      4.6961      5.3693     -2.0043     -5.4647      5.8207    226.2331     27.7497    110.1421     -0.7077     -3.5167      1.1484
     31.0885    103.4489      6.2500      4.6954      5.3691     -1.7274     -4.7260      5.0318    226.2471     27.7508    110.0773     -0.4103     -2.5655      0.1679
     31.1135    103.4073      8.7500      4.6948      5.3689     -1.3940     -3.9454      4.1844    226.2611     27.7520    109.4597     -0.1436     -1.8271     -0.2610
     31.1386    103.3657     11.2500      4.6942      5.3687     -1.0263     -3.1731      3.3350    226.2751     27.7531    107.9235      0.1826     -1.1195     -0.4076
     31.1636    103.3240     13.7500      4.6935      5.3685     -0.7063     -2.4774      2.5762    226.2891     27.7542    105.9130      0.4043     -0.5929     -0.4056
     31.1886    103.2824     16.2500      4.6929      5.3683     -0.4714     -1.8694      1.9279    226.3031     27.7554    104.1543      0.4630     -0.1908     -0.3452
     31.2136    103.2407     18.7500      4.6922      5.3681     -0.3129     -1.3587      1.3942    226.3171     27.7565    102.9670      0.4216      0.0801     -0.2732
     31.2385    103.1990     21.2500      4.6916      5.3679     -0.2053     -0.9489      0.9708    226.3312     27.7576    102.2080      0.3503      0.2314     -0.2037
     31.2635    103.1572     23.7500      4.6910      5.3677     -0.1221     -0.6218      0.6337    226.3452     27.7588    101.1078      0.3131      0.3393     -0.1497
     31.2884    103.1155     26.2500      4.6903      5.3675     -0.0600     -0.3728      0.3776    226.3592     27.7599     99.1417      0.2956      0.3884     -0.1045
     31.3134    103.0737     28.7500      4.6897      5.3673     -0.0205     -0.1735      0.1747    226.3732     27.7611     96.7256      0.2647      0.4628     -0.0738
     31.0091    103.4971      1.2500      4.6198      5.3851     -2.1152     -4.4313      4.9102    225.1333     27.6615    115.5171     -3.2585     -1.4998      1.2207
     31.0342    103.4555      3.7500      4.6192      5.3849     -1.6298     -4.1612      4.4690    225.1473     27.6625    111.3890     -0.3203     -1.4561      0.5852
     31.0592    103.4139      6.2500      4.6186      5.3847     -1.3300     -3.7558      3.9844    225.1612     27.6636    109.4999      0.0209     -1.2445      0.1326
     31.0843    103.3723      8.7500      4.6180      5.3845     -1.0325     -3.2967      3.4546    225.1752     27.6646    107.3906      0.2313     -1.1240     -0.1517
     31.1093    103.3307     11.2500      4.6174      5.3843     -0.7431     -2.7944      2.8915    225.1892     27.6656    104.8917      0.4481     -0.9193     -0.2670
     31.1343    103.2891     13.7500      4.6168      5.3842     -0.5293     -2.2768      2.3375    225.2032     27.6666    103.0863      0.4898     -0.6560     -0.2958
     31.1593    103.2474     16.2500      4.6162      5.3840     -0.3960     -1.7707      1.8145    225.2172     27.6676    102.6056      0.3957     -0.3607     -0.2764
     31.1843    103.2057     18.7500      4.6156      5.3838     -0.3123     -1.3092      1.3460    225.2312     27.6686    103.4175      0.2649     -0.0843     -0.2320
     31.2093    103.1640     21.2500      4.6150      5.3836     -0.2423     -0.9175      0.9490    225.2452     27.6697    104.7954      0.1870      0.1199     -0.1825
     31.2342    103.1223     23.7500      4.6144      5.3834     -0.1679     -0.6002      0.6232    225.2592     27.6707    105.6260      0.1876      0.2667     -0.1359
     31.2592    103.0805     26.2500      4.6138      5.3832     -0.0972     -0.3548      0.3678    225.2732     27.6717    105.3165      0.2140      0.3535     -0.1002
     31.2841    103.0387     28.7500      4.6132      5.3831     -0.0412     -0.1657      0.1707    225.2872     27.6727    103.9779      0.2272      0.4237     -0.0687
     30.9794    103.4595      1.2500      5.1231      5.3204     -1.8811     -3.2505      3.7555    229.3213     28.0269    120.0588     -1.6045     -0.7071      0.3828
     31.0045    103.4180      3.7500      5.1224      5.3202     -1.4893     -3.0875      3.4279    229.3353     28.0283    115.7504     -0.0126     -0.5271      0.5276
     31.0295    103.3764      6.2500      5.1216      5.3199     -1.1575     -2.8674      3.0922    229.3494     28.0298    111.9835      0.5494     -0.4672      0.2724
     31.0546    103.3348      8.7500      5.1208      5.3197     -0.8548     -2.6229      2.7586    229.3634     28.0313    108.0503      0.8345     -0.6421      0.0237
     31.0796    103.2932     11.2500      5.1201      5.3194     -0.6249     -2.3363      2.4184    229.3775     28.0328    104.9742      0.8854     -0.8662     -0.1305
     31.1046    103.2515     13.7500      5.1193      5.3192     -0.4891     -1.9672      2.0271    229.3915     28.0342    103.9634      0.7330     -0.8240     -0.1926
     31.1296    103.2099     16.2500      5.1185      5.3189     -0.4285     -1.5505      1.6086    229.4056     28.0357    105.4494      0.4631     -0.5789     -0.1857
     31.1546    103.1682     18.7500      5.1178      5.3186     -0.3863     -1.1335      1.1975    229.4196     28.0372    108.8199      0.2426     -0.2289     -0.1549
     31.1796    103.1265     21.2500      5.1170      5.3184     -0.3232     -0.7742      0.8389    229.4337     28.0387    112.6578      0.1562      0.0568     -0.1161
     31.2045    103.0847     23.7500      5.1162      5.3181     -0.2396     -0.4960      0.5508    229.4478     28.0402    115.7839      0.1537      0.2202     -0.0841
     31.2295    103.0430     26.2500      5.1155      5.3179     -0.1466     -0.2902      0.3251    229.4619     28.0417    116.8059      0.2029      0.3029     -0.0599
     31.2544    103.0012     28.7500      5.1147      5.3176     -0.0661     -0.1348      0.1501    229.4759     28.0431    116.1205      0.2423      0.3625     -0.0428
     30.9491    103.4220      1.2500      4.7222      5.4022     -1.4921     -2.8978      3.2594    223.8511     27.5662    117.2443     -1.6349     -0.7528      0.8105
     30.9741    103.3805      3.7500      4.7216      5.4021     -1.1615     -2.7724      3.0059    223.8650     27.5671    112.7318     -0.7114     -0.8383      0.3561
     30.9992    103.3389      6.2500      4.7210      5.4019     -0.8058     -2.5404      2.6651    223.8790     27.5679    107.5994     -0.0111     -0.5629      0.1066
     31.0242    103.2973      8.7500      4.7205      5.4017     -0.5068     -2.2889      2.3443    223.8930     27.5688    102.4852      0.4496     -0.5436     -0.0806
     31.0493    103.2557     11.2500      4.7199      5.4016     -0.3319     -1.9959      2.0233    223.9069     27.5697     99.4405      0.5634     -0.5951     -0.1961
     31.0743    103.2140     13.7500      4.7193      5.4014     -0.2889     -1.6369      1.6622    223.9209     27.5706    100.0108      0.3845     -0.4742     -0.2315
     31.0993    103.1723     16.2500      4.7187      5.4013     -0.3163     -1.2426      1.2822    223.9349     27.5715    104.2833      0.1186     -0.1771     -0.2211
     31.1243    103.1307     18.7500      4.7181      5.4011     -0.3378     -0.8778      0.9406    223.9489     27.5724    111.0481     -0.0591      0.1108     -0.1906
     31.1492    103.0889     21.2500      4.7175      5.4009     -0.3131     -0.5815      0.6604    223.9629     27.5733    118.2989     -0.0957      0.2974     -0.1561
     31.1742    103.0472     23.7500      4.7169      5.4008     -0.2423     -0.3706      0.4428    223.9769     27.5741    123.1731     -0.0235      0.3377     -0.1191
     31.1991    103.0055     26.2500      4.7163      5.4006     -0.1510     -0.2187      0.2657    223.9908     27.5750    124.6244      0.0866      0.3343     -0.0857
     31.2241    102.9637     28.7500      4.7157      5.4005     -0.0668     -0.1020      0.1219    224.0048     27.5759    123.2039      0.1766      0.3472     -0.0597
     30.9189    103.3861      1.2500      4.8694      5.3566     -1.4143     -2.4229      2.8055    227.2806     27.8213    120.2729     -1.3637     -0.7752      0.5524
     30.9440    103.3446      3.7500      4.8687      5.3564     -1.1240     -2.3527      2.6074    227.2946     27.8225    115.5370     -0.6930     -0.8995      0.4251
     30.9690    103.3030      6.2500      4.8680      5.3561     -0.7490     -2.1705      2.2962    227.3086     27.8238    109.0394      0.0902     -0.7254      0.1571
     30.9941    103.2614      8.7500      4.8674      5.3559     -0.4306     -1.9147      1.9625    227.3225     27.8250    102.6750      0.6283     -0.5930     -0.0693
     31.0191    103.2198     11.2500      4.8667      5.3557     -0.2620     -1.5736      1.5953    227.3365     27.8262     99.4510      0.7520     -0.3512     -0.1792
     31.0441    103.1781     13.7500      4.8660      5.3555     -0.2495     -1.1738      1.2000    227.3505     27.8275    101.9991      0.5145      0.0625     -0.1996
     31.0691    103.1365     16.2500      4.8653      5.3553     -0.3084     -0.7985      0.8560    227.3645     27.8287    111.1148      0.1861      0.4224     -0.1694
     31.0941    103.0948     18.7500      4.8646      5.3550     -0.3489     -0.5027      0.6119    227.3785     27.8300    124.7602     -0.0305      0.6212     -0.1308
     31.1191    103.0531     21.2500      4.8639      5.3548     -0.3334     -0.3100      0.4553    227.3925     27.8312    137.0849     -0.1025      0.6083     -0.0938
     31.1440    103.0113     23.7500      4.8633      5.3546     -0.2597     -0.1910      0.3224    227.4064     27.8325    143.6705     -0.0320      0.5076     -0.0656
     31.1690    102.9696     26.2500      4.8626      5.3544     -0.1600     -0.1166      0.1980    227.4204     27.8338    143.9144      0.0920      0.3879     -0.0468
     31.1939    102.9278     28.7500      4.8619      5.3542     -0.0690     -0.0575      0.0899    227.4344     27.8350    140.1897      0.1923      0.3266     -0.0330
     30.8887    103.3491      1.2500      4.8726      5.3802     -1.1666     -2.1763      2.4692    225.7283     27.6884    118.1926     -1.0550     -0.9293      0.6610
     30.9138    103.3075      3.7500      4.8719      5.3801     -0.9493     -2.1187      2.3217    225.7422     27.6895    114.1343     -0.8861     -1.0926      0.4519
     30.9389    103.2660      6.2500      4.8713      5.3799     -0.5846     -1.9584      2.0438    225.7562     27.6906    106.6207     -0.1020     -1.1000      0.0772
     30.9639    103.2244      8.7500      4.8706      5.3797     -0.2640     -1.6512      1.6722    225.7701     27.6916     99.0829      0.5395     -0.8149     -0.1590
     30.9889    103.1827     11.2500      4.8700      5.3795     -0.1104     -1.2094      1.2144    225.7841     27.6927     95.2146      0.7552     -0.1197     -0.2420
     31.0139    103.1411     13.7500      4.8693      5.3793     -0.1290     -0.7505      0.7615    225.7980     27.6938     99.7564      0.5527      0.6321     -0.2266
     31.0389    103.0994     16.2500      4.8687      5.3791     -0.2235     -0.4052      0.4628    225.8120     27.6949    118.8798      0.1921      0.9984     -0.1823
     31.0639    103.0577     18.7500      4.8680      5.3789     -0.2949     -0.2057      0.3595    225.8259     27.6960    145.1083     -0.0738      0.9923     -0.1332
     31.0889    103.0160     21.2500      4.8674      5.3787     -0.2977     -0.1120      0.3180    225.8399     27.6971    159.3848     -0.1581      0.7982     -0.0933
     31.1139    102.9743     23.7500      4.8667      5.3785     -0.2357     -0.0737      0.2470    225.8538     27.6981    162.6332     -0.0898      0.5656     -0.0653
     31.1388    102.9325     26.2500      4.8661      5.3783     -0.1416     -0.0526      0.1510    225.8678     27.6992    159.6337      0.0564      0.3884     -0.0454
     31.1637    102.8908     28.7500      4.8654      5.3781     -0.0579     -0.0304      0.0654    225.8818     27.7003    152.3017      0.1661      0.2918     -0.0319
     30.8582    103.3159      1.2500      4.4254      5.4372     -0.9451     -1.9215      2.1413    220.2592     27.3742    116.1914     -1.5811     -0.8561      0.7643
     30.8833    103.2743      3.7500      4.4250      5.4371     -0.6851     -1.8957      2.0158    220.2733     27.3747    109.8703     -0.9205     -1.2393      0.3538
     30.9084    103.2327      6.2500      4.4245      5.4370     -0.3249     -1.7303      1.7605    220.2873     27.3752    100.6360     -0.0503     -1.2681     -0.0181
     30.9334    103.1911      8.7500      4.4240      5.4369     -0.0307     -1.3937      1.3941    220.3014     27.3757     91.2637      0.6661     -0.8928     -0.2121
     30.9584    103.1495     11.2500      4.4235      5.4368      0.0638     -0.9041      0.9063    220.3154     27.3762     85.9638      0.8323      0.0632     -0.2607
     30.9835    103.1078     13.7500      4.4231      5.4367     -0.0060     -0.4444      0.4445    220.3295     27.3768     90.7788      0.5650      0.9233     -0.2455
     31.0085    103.0662     16.2500      4.4226      5.4366     -0.1259     -0.1757      0.2161    220.3435     27.3773    125.6193      0.2051      1.1294     -0.2039
     31.0334    103.0245     18.7500      4.4221      5.4365     -0.2185     -0.0745      0.2309    220.3576     27.3778    161.1652     -0.0756      0.9118     -0.1639
     31.0584    102.9828     21.2500      4.4216      5.4364     -0.2392     -0.0464      0.2437    220.3716     27.3783    169.0259     -0.1771      0.6491     -0.1281
     31.0834    102.9410     23.7500      4.4211      5.4363     -0.1898     -0.0370      0.1933    220.3857     27.3789    168.9636     -0.0975      0.4595     -0.0958
     31.1083    102.8993     26.2500      4.4207      5.4362     -0.1098     -0.0305      0.1139    220.3997     27.3794    164.4794      0.0467      0.3279     -0.0671
     31.1332    102.8575     28.7500      4.4202      5.4361     -0.0404     -0.0196      0.0449    220.4138     27.3799    154.0783      0.1489      0.2500     -0.0451
     30.8255    103.2824      1.2500      5.2582      5.4222     -0.8131     -1.4487      1.6613    222.2406     27.4561    119.3025     -1.7119     -0.7222      0.6843
     30.8506    103.2408      3.7500      5.2576      5.4221     -0.5459     -1.4477      1.5472    222.2546     27.4568    110.6590     -0.6717     -1.1057      0.3003
     30.8757    103.1992      6.2500      5.2570      5.4219     -0.2019     -1.3510      1.3660    222.2685     27.4575     98.5016      0.3489     -1.3216     -0.0180
     30.9007    103.1576      8.7500      5.2564      5.4218      0.0660     -1.0647      1.0667    222.2825     27.4582     86.4533      1.1090     -0.9480     -0.1844
     30.9257    103.1160     11.2500      5.2558      5.4217      0.1095     -0.6209      0.6304    222.2965     27.4589     80.0000      1.0381      0.0498     -0.2220
     30.9508    103.0744     13.7500      5.2551      5.4215      0.0380     -0.2153      0.2187    222.3104     27.4597     80.0000      0.6982      0.9487     -0.1951
     30.9758    103.0327     16.2500      5.2545      5.4214     -0.0503     -0.0115      0.0516    222.3244     27.4604    167.1661      0.4147      1.1407     -0.1497
     31.0007    102.9910     18.7500      5.2539      5.4213     -0.1413      0.0000      0.1413    222.3384     27.4611    180.0000      0.0686      0.6738     -0.1085
     31.0257    102.9493     21.2500      5.2533      5.4211     -0.1718      0.0000      0.1718    222.3523     27.4618    180.0000     -0.0817      0.4863     -0.0773
     31.0507    102.9076     23.7500      5.2527      5.4210     -0.1375      0.0000      0.1375    222.3663     27.4626    180.0000     -0.0314      0.3913     -0.0544
     31.0756    102.8658     26.2500      5.2521      5.4209     -0.0749     -0.0021      0.0750    222.3803     27.4633    178.4236      0.0926      0.3113     -0.0385
     31.1005    102.8240     28.7500      5.2515      5.4207     -0.0239     -0.0061      0.0247    222.3943     27.4640    165.7526      0.1664      0.2200     -0.0270
     30.7936    103.2484      1.2500      4.3516      5.4193     -0.5499     -0.6863      0.8794    222.6335     27.4720    128.7063     -1.8513      0.4278      0.0457
     30.8187    103.2069      3.7500      4.3511      5.4191     -0.2872     -0.7566      0.8093    222.6474     27.4728    110.7834     -0.1123     -0.2540     -0.0358
     30.8438    103.1653      6.2500      4.3505      5.4190     -0.0919     -0.7216      0.7274    222.6613     27.4735     97.2567      0.4085     -0.4288     -0.0752
     30.8688    103.1237      8.7500      4.3500      5.4189      0.0535     -0.5635      0.5661    222.6753     27.4743     84.5739      0.8051     -0.2714     -0.1471
     30.8938    103.0821     11.2500      4.3495      5.4187      0.0572     -0.3245      0.3295    222.6892     27.4751     80.0000      0.6497      0.1421     -0.1687
     30.9188    103.0404     13.7500      4.3490      5.4186      0.0185     -0.1051      0.1067    222.7032     27.4758     80.0000      0.4673      0.5675     -0.1498
     30.9438    102.9988     16.2500      4.3485      5.4185     -0.0171     -0.0000      0.0171    222.7171     27.4766    179.9360      0.3743      0.6430     -0.1166
     30.9688    102.9571     18.7500      4.3480      5.4183     -0.0688      0.0000      0.0688    222.7311     27.4773    180.0000      0.1651      0.3778     -0.0861
     30.9938    102.9154     21.2500      4.3474      5.4182     -0.0877      0.0000      0.0877    222.7450     27.4781    180.0000      0.0727      0.3027     -0.0613
     31.0188    102.8736     23.7500      4.3469      5.4180     -0.0694      0.0000      0.0694    222.7590     27.4789    180.0000      0.0886      0.2643     -0.0437
     31.0437    102.8319     26.2500      4.3464      5.4179     -0.0370      0.0000      0.0370    222.7729     27.4796    180.0000      0.1314      0.2341     -0.0299
     31.0686    102.7901     28.7500      4.3459      5.4178     -0.0107     -0.0034      0.0113    222.7869     27.4804    162.3632      0.1519      0.1735     -0.0204
